a,b,a_desc,b_desc,combined,visual,silhouette,color,text
U1-16,U2-25,葉と枝角を持つ子ジカ,葉と枝角を持つ子ジカ,0.91386,0.86107,0.87405,0.84916,1.0
U2-17,U3-06,大耳の紫コウモリ,大耳の紫コウモリ,0.91343,0.86037,0.85387,0.86642,1.0
U3-01,U5-01,泡を出す青いスライム,泡を出す青いスライム,0.91003,0.85488,0.82204,0.88526,1.0
U1-05,U3-26,雲の体を持つクラゲ,雲の体を持つクラゲ,0.90663,0.8494,0.83113,0.8663,1.0
U2-14,U3-23,旅装をしたキノコ,旅装をしたキノコ,0.90552,0.84761,0.82617,0.86745,1.0
U2-30,U6-18,発光器を持つ青いチョウチンアンコウ,発光器を持つ青いチョウチンアンコウ,0.90238,0.84254,0.87844,0.80946,1.0
U4-07,U5-07,泡をまとった青赤の海竜,泡をまとった青赤の海竜,0.89922,0.83745,0.84251,0.83283,1.0
U1-28,U2-27,氷結晶をまとった白フクロウ,氷をまとった白フクロウ,0.88902,0.87771,0.88355,0.87239,0.90746
U4-13,U5-24,火山を背負った溶岩ガメ,火山を背負った溶岩ガメ,0.87145,0.79266,0.78982,0.79537,1.0
U4-25,U6-12,雷をまとった青いオオカミ,青いオオカミ,0.84788,0.81762,0.86569,0.77331,0.89726
U3-16,U5-10,炎をまとった黒い小鳥,炎をまとった黒い鳥,0.84627,0.90427,0.91345,0.89584,0.75165
U4-21,U6-24,金装甲をまとった青い海竜,水をまとった青い海竜,0.84593,0.87692,0.88848,0.86631,0.79537
U5-30,U6-30,王冠とローブの黄金スライム王,王冠と口ひげの黄金スライム王,0.8415,0.90842,0.92396,0.89412,0.73232
U1-19,U3-12,泥をまとったカエル,泥をまとったカエル,0.82544,0.71846,0.70477,0.7311,1.0
U2-03,U6-09,苔むした丸岩ゴーレム,苔むした岩ゴーレム,0.82164,0.86399,0.93109,0.80211,0.75253
G1-10,G3-29,郵便箱ミミック,工具箱ミミック,0.81883,0.82808,0.84559,0.812,0.80375
U4-23,U6-29,王冠と杖を持つリッチ王,王冠と杖を持つ黒いリッチ王,0.81873,0.80012,0.78501,0.81413,0.84911
U5-01,U6-01,泡を出す青いスライム,笑顔の青いスライム,0.80846,0.8758,0.87892,0.87294,0.69858
U1-06,U2-30,提灯のような発光器を持つチョウチンアンコウ,発光器を持つ青いチョウチンアンコウ,0.8056,0.8443,0.88868,0.80339,0.74247
U2-03,U3-27,苔むした丸岩ゴーレム,苔むした小型岩ゴーレム,0.80224,0.86759,0.91093,0.82767,0.69561
U3-27,U6-09,苔むした小型岩ゴーレム,苔むした岩ゴーレム,0.80014,0.84247,0.88399,0.80423,0.73107
U3-01,U6-01,泡を出す青いスライム,笑顔の青いスライム,0.78702,0.84123,0.84525,0.83758,0.69858
U2-28,U6-05,大口の食虫植物,大口の巨大食虫植物,0.78552,0.80095,0.82585,0.77808,0.76034
U2-14,U6-17,旅装をしたキノコ,赤傘のキノコ,0.78057,0.89734,0.92586,0.87103,0.59005
U1-08,U3-10,青い鬼火をまとった小さなガイコツ,青い鬼火をまとったガイコツ,0.78047,0.74063,0.68004,0.79666,0.84548
U2-28,U4-24,大口の食虫植物,巨大化した食虫植物,0.77714,0.83535,0.87455,0.79922,0.68219
G3-09,G3-29,旅行かばんミミック,工具箱ミミック,0.77415,0.84415,0.84895,0.83981,0.65993
U4-24,U6-05,巨大化した食虫植物,大口の巨大食虫植物,0.77207,0.84755,0.86131,0.83493,0.64892
U1-06,U6-18,提灯のような発光器を持つチョウチンアンコウ,発光器を持つ青いチョウチンアンコウ,0.77028,0.78732,0.85095,0.72863,0.74247
G1-24,G3-29,弁当箱ミミック,工具箱ミミック,0.76928,0.7492,0.86429,0.64306,0.80205
U1-26,U4-24,大口を開けた食虫植物,巨大化した食虫植物,0.76653,0.82406,0.83992,0.80951,0.67267
U2-06,U3-07,水の体と巻貝を持つカタツムリ,青い体と橙色の殻のカタツムリ,0.76414,0.872,0.87144,0.8726,0.58816
G3-04,G3-29,洋服ダンスミミック,工具箱ミミック,0.7619,0.82369,0.82301,0.8244,0.66108
U1-26,U2-28,大口を開けた食虫植物,大口の食虫植物,0.75759,0.81,0.80167,0.81778,0.67207
U4-19,U5-28,星をまとった白い神鹿,星をまとった青い神鹿,0.75667,0.74543,0.75464,0.73692,0.77499
U2-17,U6-08,大耳の紫コウモリ,一つ目の紫コウモリ,0.75604,0.72501,0.70394,0.74453,0.80666
G1-10,G3-09,郵便箱ミミック,旅行かばんミミック,0.75292,0.80905,0.82122,0.7979,0.66133
G1-10,G1-24,郵便箱ミミック,弁当箱ミミック,0.75075,0.71827,0.82052,0.62398,0.80375
U1-13,U2-12,サボテンを背負った小型恐竜,花を咲かせた小型サボテン,0.74946,0.89204,0.9312,0.85598,0.51683
G1-10,G3-04,郵便箱ミミック,洋服ダンスミミック,0.74862,0.80142,0.84596,0.76038,0.66248
G3-18,G3-29,自動販売機ミミック,工具箱ミミック,0.74789,0.8018,0.81775,0.78715,0.65993
U5-09,G3-29,舌を出す宝箱ミミック,工具箱ミミック,0.74779,0.76545,0.82779,0.70795,0.71898
G3-04,G3-09,洋服ダンスミミック,旅行かばんミミック,0.74703,0.83887,0.83088,0.84632,0.59719
U1-07,U2-17,木の実を背負った紫コウモリ,大耳の紫コウモリ,0.74645,0.80574,0.8283,0.785,0.64971
U1-26,U6-05,大口を開けた食虫植物,大口の巨大食虫植物,0.74629,0.81808,0.81361,0.82231,0.62914
G4-02,G4-18,時計仕掛けの宮殿巨人,時計塔の怪物,0.7462,0.83418,0.77655,0.88741,0.60267
U2-06,U2-18,水の体と巻貝を持つカタツムリ,青結晶の殻を持つカタツムリ,0.74594,0.80313,0.88517,0.72751,0.65263
U5-20,U6-12,紫炎をまとった影オオカミ,青いオオカミ,0.74587,0.74629,0.77096,0.72358,0.74519
U2-23,U4-02,青白いグリフォン,金青の装飾を持つ聖獣グリフォン,0.7441,0.83362,0.90697,0.7659,0.59805
U1-10,U2-18,バラの殻を持つカタツムリ,青結晶の殻を持つカタツムリ,0.74357,0.71903,0.90565,0.54665,0.78361
U4-08,U5-29,鎌を持つ騎乗死神,大鎌を持つ黒紫の死神,0.74297,0.81534,0.80083,0.82883,0.6249
U4-25,U5-20,雷をまとった青いオオカミ,紫炎をまとった影オオカミ,0.74045,0.75019,0.83277,0.67394,0.72455
G3-04,G3-18,洋服ダンスミミック,自動販売機ミミック,0.74036,0.82812,0.87001,0.78948,0.59719
U3-23,U6-17,旅装をしたキノコ,赤傘のキノコ,0.73936,0.83088,0.81146,0.84884,0.59005
G1-10,G3-18,郵便箱ミミック,自動販売機ミミック,0.73899,0.78659,0.84497,0.73275,0.66133
U1-05,U6-10,雲の体を持つクラゲ,青いクラゲ,0.73657,0.80685,0.89634,0.72416,0.6219
U3-26,U6-10,雲の体を持つクラゲ,青いクラゲ,0.73482,0.80403,0.84112,0.76973,0.6219
U1-18,U6-14,提灯を持つ白い幽霊,舌を出す白い幽霊,0.73109,0.82011,0.8309,0.81016,0.58585
U4-28,U5-17,結晶翼を持つ青紫ドラゴン,氷でできた青いドラゴン,0.73057,0.82331,0.80936,0.83622,0.57927
U5-09,G1-24,舌を出す宝箱ミミック,弁当箱ミミック,0.72991,0.73661,0.83184,0.64875,0.71898
U1-10,U2-06,バラの殻を持つカタツムリ,水の体と巻貝を持つカタツムリ,0.72895,0.72795,0.86982,0.59697,0.73058
U4-15,U6-19,結晶装甲の岩ゴーレム,青い氷結晶ゴーレム,0.7288,0.77198,0.75297,0.78958,0.65836
U5-11,U6-20,星月をまとった白ウサギ,角を持つ白ウサギ,0.72868,0.78592,0.7696,0.80105,0.63528
G1-24,G3-18,弁当箱ミミック,自動販売機ミミック,0.72843,0.77041,0.84197,0.70441,0.65993
U5-09,G1-10,舌を出す宝箱ミミック,郵便箱ミミック,0.72826,0.73301,0.83593,0.63802,0.72051
G3-09,G3-18,旅行かばんミミック,自動販売機ミミック,0.72761,0.80819,0.8251,0.79263,0.59615
U1-07,U6-08,木の実を背負った紫コウモリ,一つ目の紫コウモリ,0.72696,0.78948,0.78027,0.79808,0.62496
U2-01,U3-28,葉を生やした緑のスライム,葉のふたを持つ緑の壺スライム,0.72672,0.91582,0.91935,0.9126,0.4182
U2-01,U6-23,葉を生やした緑のスライム,緑の毒スライム,0.72536,0.83538,0.84607,0.82559,0.54587
U1-01,U3-01,葉を生やした青い水スライム,泡を出す青いスライム,0.72503,0.87113,0.86603,0.87589,0.48665
U1-07,U3-06,木の実を背負った紫コウモリ,大耳の紫コウモリ,0.72491,0.77099,0.77495,0.76739,0.64971
U2-17,U5-03,大耳の紫コウモリ,火球を持つ桃色コウモリ,0.72478,0.7951,0.79764,0.79282,0.61005
U2-15,U3-29,葉と角を持つ緑の子ドラゴン,赤い子ドラゴン,0.72286,0.77025,0.85989,0.68759,0.64554
U4-03,U4-10,黒紫の大型ドラゴン,金色の大型ドラゴン,0.72118,0.65734,0.82796,0.49969,0.82535
U3-06,U6-08,大耳の紫コウモリ,一つ目の紫コウモリ,0.72115,0.66873,0.63431,0.70054,0.80666
G1-24,G3-09,弁当箱ミミック,旅行かばんミミック,0.71991,0.75668,0.8583,0.66295,0.65993
U4-01,U5-30,王冠とローブをまとったスライム王,王冠とローブの黄金スライム王,0.71871,0.70861,0.90268,0.52944,0.7352
U1-01,U2-01,葉を生やした青い水スライム,葉を生やした緑のスライム,0.7177,0.7499,0.87509,0.63438,0.66517
U3-28,U6-23,葉のふたを持つ緑の壺スライム,緑の毒スライム,0.71712,0.84375,0.84795,0.83995,0.51052
U4-15,U6-09,結晶装甲の岩ゴーレム,苔むした岩ゴーレム,0.71688,0.81246,0.91007,0.72236,0.56093
G1-24,G3-04,弁当箱ミミック,洋服ダンスミミック,0.71656,0.75057,0.85934,0.65022,0.66108
U1-03,U3-21,青い結晶を背負った甲虫,青い結晶を背負った水の生物,0.71623,0.84035,0.8501,0.83141,0.51371
G1-09,G1-14,懐中時計の子,方位磁針の生物,0.7151,0.87349,0.84063,0.90386,0.45668
U4-07,U4-21,泡をまとった青赤の海竜,金装甲をまとった青い海竜,0.71507,0.84686,0.89746,0.80021,0.50004
U2-12,U5-04,花を咲かせた小型サボテン,トゲのある巨大サボテン獣,0.71456,0.83111,0.86261,0.80215,0.5244
U3-06,U5-03,大耳の紫コウモリ,火球を持つ桃色コウモリ,0.71282,0.77581,0.73788,0.81089,0.61005
U2-09,U6-15,葉を背負った小さなカメ,甲羅装甲の緑カメ,0.71247,0.84846,0.91228,0.78964,0.4906
U2-27,U4-05,氷をまとった白フクロウ,氷をまとった青いフェニックス,0.71246,0.78329,0.78328,0.78335,0.59688
U4-07,U6-24,泡をまとった青赤の海竜,水をまとった青い海竜,0.71022,0.80412,0.85197,0.76001,0.55702
U1-15,U2-11,薬瓶を運ぶ黒いカラス,魔女帽子をかぶった黒いカラス,0.70929,0.81403,0.88451,0.74905,0.53839
U4-27,U6-09,歯車を内蔵した森のゴーレム,苔むした岩ゴーレム,0.70578,0.86242,0.91728,0.81182,0.45021
U1-10,G2-20,バラの殻を持つカタツムリ,巻貝の精,0.70481,0.80676,0.84795,0.76876,0.53848
U3-29,U4-10,赤い子ドラゴン,金色の大型ドラゴン,0.70473,0.75039,0.77247,0.73006,0.63024
U4-02,U5-06,金青の装飾を持つ聖獣グリフォン,金青の装飾を持つ白い猛禽,0.70471,0.79755,0.82266,0.77437,0.55322
U5-22,U6-25,湿地をまとった巨大樹,顔のある巨大樹,0.70431,0.82011,0.8098,0.82966,0.51537
U5-09,G3-18,舌を出す宝箱ミミック,自動販売機ミミック,0.70395,0.77282,0.81101,0.73764,0.59159
U5-09,G3-04,舌を出す宝箱ミミック,洋服ダンスミミック,0.70379,0.77193,0.84134,0.70789,0.59261
U2-04,U6-20,氷結晶を抱く白ウサギ,角を持つ白ウサギ,0.70374,0.7821,0.76055,0.80203,0.5759
U2-03,U4-27,苔むした丸岩ゴーレム,歯車を内蔵した森のゴーレム,0.70369,0.87244,0.90484,0.84257,0.42837
U5-03,U6-08,火球を持つ桃色コウモリ,一つ目の紫コウモリ,0.70338,0.77483,0.77628,0.77353,0.58681
U1-30,U4-07,泡をまとった青い子ドラゴン,泡をまとった青赤の海竜,0.7015,0.82234,0.85846,0.78904,0.50433
U2-18,U3-07,青結晶の殻を持つカタツムリ,青い体と橙色の殻のカタツムリ,0.69989,0.79024,0.87052,0.71624,0.55247
G4-09,G4-29,隕石炉の巨人,火山炉の城塞巨人,0.69919,0.88096,0.89003,0.87262,0.40263
U1-13,U5-04,サボテンを背負った小型恐竜,トゲのある巨大サボテン獣,0.69856,0.8303,0.83766,0.82362,0.48361
U6-09,G3-17,苔むした岩ゴーレム,城入りスノードームゴーレム,0.69853,0.84477,0.90773,0.7867,0.45992
U6-09,G3-20,苔むした岩ゴーレム,郵便ポストゴーレム,0.6967,0.79039,0.89243,0.69616,0.54384
G1-14,G4-27,方位磁針の生物,宇宙方位磁針の巨人,0.69644,0.72707,0.80844,0.65193,0.64645
U2-09,U4-13,葉を背負った小さなカメ,火山を背負った溶岩ガメ,0.69538,0.83078,0.93874,0.7312,0.47446
G1-14,G1-25,方位磁針の生物,砂時計の精,0.69511,0.81526,0.8002,0.82923,0.49908
G4-07,G5-18,磁器の女王,天空と大地をまとった地平の女王,0.69467,0.84094,0.83692,0.84466,0.45602
U2-20,U5-01,泡を出す青いしずくスライム,泡を出す青いスライム,0.69393,0.68327,0.59286,0.76686,0.71133
U3-27,U4-27,苔むした小型岩ゴーレム,歯車を内蔵した森のゴーレム,0.69393,0.86418,0.87777,0.85168,0.41616
G1-09,G1-25,懐中時計の子,砂時計の精,0.69367,0.81433,0.81716,0.81178,0.49681
U5-09,G3-09,舌を出す宝箱ミミック,旅行かばんミミック,0.69349,0.75594,0.80135,0.71407,0.59159
U6-09,G3-10,苔むした岩ゴーレム,道路標識ゴーレム,0.69268,0.76947,0.81103,0.73118,0.56738
U1-28,U4-05,氷結晶をまとった白フクロウ,氷をまとった青いフェニックス,0.69252,0.79467,0.77421,0.81363,0.52586
U1-22,U2-12,葉を生やしたカボチャの精,花を咲かせた小型サボテン,0.69041,0.83135,0.89743,0.77048,0.46045
G4-28,G5-17,虹結晶の大聖堂,紫光を放つ星雲大聖堂,0.68995,0.82488,0.84531,0.80603,0.4698
U1-20,U6-23,星をまとった黄色いスライム,緑の毒スライム,0.68959,0.78113,0.84459,0.72256,0.54022
G4-17,G5-07,ルーレット魔王,黒紫の深淵魔王,0.6889,0.84901,0.85915,0.83967,0.42766
U5-07,U6-24,泡をまとった青赤の海竜,水をまとった青い海竜,0.68858,0.76921,0.80015,0.74073,0.55702
U1-01,U6-01,葉を生やした青い水スライム,笑顔の青いスライム,0.68832,0.81429,0.83008,0.79979,0.48278
U1-10,U1-21,バラの殻を持つカタツムリ,貝殻を背負った泡の生物,0.68779,0.84569,0.87438,0.81922,0.43017
U1-01,U5-01,葉を生やした青い水スライム,泡を出す青いスライム,0.6875,0.8106,0.79465,0.8254,0.48665
U1-30,U5-17,泡をまとった青い子ドラゴン,氷でできた青いドラゴン,0.68727,0.8057,0.77368,0.83534,0.49405
U1-07,U5-03,木の実を背負った紫コウモリ,火球を持つ桃色コウモリ,0.68694,0.79007,0.80747,0.77408,0.51869
U1-30,U6-24,泡をまとった青い子ドラゴン,水をまとった青い海竜,0.68618,0.79287,0.85837,0.73247,0.51212
U1-30,U4-21,泡をまとった青い子ドラゴン,金装甲をまとった青い海竜,0.68591,0.82453,0.879,0.77431,0.45974
G4-11,G4-28,摩天楼の巨人,虹結晶の大聖堂,0.68471,0.8448,0.86468,0.82646,0.42353
U1-10,U3-07,バラの殻を持つカタツムリ,青い体と橙色の殻のカタツムリ,0.68439,0.7248,0.82584,0.63151,0.61846
U6-09,G3-02,苔むした岩ゴーレム,ティーポットゴーレム,0.68347,0.78141,0.8064,0.75843,0.52368
U4-21,U5-07,金装甲をまとった青い海竜,泡をまとった青赤の海竜,0.68324,0.79552,0.84167,0.753,0.50004
U2-03,G3-10,苔むした丸岩ゴーレム,道路標識ゴーレム,0.68216,0.76938,0.80449,0.73708,0.53986
G3-02,G3-20,ティーポットゴーレム,郵便ポストゴーレム,0.68212,0.73896,0.79628,0.68612,0.58938
G4-01,G4-11,大聖堂の鐘を宿す巨像,摩天楼の巨人,0.68174,0.88454,0.89768,0.87241,0.35085
U1-30,U4-28,泡をまとった青い子ドラゴン,結晶翼を持つ青紫ドラゴン,0.68145,0.83035,0.84136,0.82022,0.43851
U3-27,U5-12,苔むした小型岩ゴーレム,本の束でできたゴーレム,0.68131,0.81027,0.82237,0.79912,0.47092
U2-20,U3-01,泡を出す青いしずくスライム,泡を出す青いスライム,0.68058,0.66174,0.56108,0.7548,0.71133
G4-02,G4-11,時計仕掛けの宮殿巨人,摩天楼の巨人,0.68026,0.85253,0.84809,0.85661,0.3992
U5-12,U6-09,本の束でできたゴーレム,苔むした岩ゴーレム,0.6794,0.78356,0.77821,0.78856,0.50945
G3-06,G4-13,傘槍の戦士,彗星剣の戦士,0.67895,0.70281,0.71348,0.69305,0.64002
U2-03,G3-02,苔むした丸岩ゴーレム,ティーポットゴーレム,0.6788,0.78943,0.8291,0.75293,0.49828
U3-08,U3-16,葉でできた小鳥,炎をまとった黒い小鳥,0.67844,0.76563,0.80503,0.72935,0.53618
U6-22,G3-05,黒赤装甲の巨大カニ,時計仕掛けのカニ,0.67762,0.81853,0.82985,0.8082,0.44773
U2-03,G3-20,苔むした丸岩ゴーレム,郵便ポストゴーレム,0.67735,0.77535,0.85706,0.7,0.51746
U2-15,U4-10,葉と角を持つ緑の子ドラゴン,金色の大型ドラゴン,0.67671,0.77577,0.82791,0.72769,0.51509
U4-07,U5-27,泡をまとった青赤の海竜,二つ首の青赤海竜,0.67656,0.84869,0.85737,0.84074,0.39572
G4-22,G4-25,遊園地を背負う巨像,星空球を抱く巨像,0.6758,0.85986,0.8584,0.86126,0.3755
U1-13,U1-22,サボテンを背負った小型恐竜,葉を生やしたカボチャの精,0.6747,0.82798,0.89435,0.76685,0.42463
U5-27,U6-24,二つ首の青赤海竜,水をまとった青い海竜,0.6744,0.84789,0.85946,0.83726,0.39133
U4-15,G3-17,結晶装甲の岩ゴーレム,城入りスノードームゴーレム,0.6743,0.83739,0.91311,0.76751,0.40821
U4-21,U5-27,金装甲をまとった青い海竜,二つ首の青赤海竜,0.67402,0.87182,0.89512,0.85036,0.35131
G4-28,G5-25,虹結晶の大聖堂,宙に浮く虚無宮殿,0.67362,0.85108,0.84067,0.86073,0.38407
U4-13,U6-15,火山を背負った溶岩ガメ,甲羅装甲の緑カメ,0.67316,0.84374,0.8969,0.79475,0.39484
U3-27,G3-17,苔むした小型岩ゴーレム,城入りスノードームゴーレム,0.67308,0.82505,0.89912,0.75674,0.42513
U3-27,U4-15,苔むした小型岩ゴーレム,結晶装甲の岩ゴーレム,0.67147,0.76523,0.91779,0.62439,0.51851
G3-10,G3-20,道路標識ゴーレム,郵便ポストゴーレム,0.66984,0.74365,0.75621,0.73214,0.5494
G4-16,G5-29,操り人形の王,赤黒の宇宙操り人形皇帝,0.66948,0.8238,0.78788,0.85701,0.4177
U6-07,G3-21,青い重装騎士,ケーキ騎士,0.66933,0.76691,0.83434,0.70472,0.51011
U3-27,U4-06,苔むした小型岩ゴーレム,溶岩でできた巨大ゴーレム,0.66865,0.82261,0.87612,0.77325,0.41745
U1-22,U5-04,葉を生やしたカボチャの精,トゲのある巨大サボテン獣,0.66822,0.79697,0.8206,0.77529,0.45814
U1-30,U5-07,泡をまとった青い子ドラゴン,泡をまとった青赤の海竜,0.66776,0.76793,0.81624,0.72337,0.50433
G4-01,G4-28,大聖堂の鐘を宿す巨像,虹結晶の大聖堂,0.66761,0.83731,0.83923,0.83556,0.39073
U2-03,U4-06,苔むした丸岩ゴーレム,溶岩でできた巨大ゴーレム,0.66737,0.81304,0.8666,0.76366,0.4297
G4-01,G4-02,大聖堂の鐘を宿す巨像,時計仕掛けの宮殿巨人,0.66635,0.91105,0.88573,0.93445,0.26711
U3-27,G3-10,苔むした小型岩ゴーレム,道路標識ゴーレム,0.66628,0.7532,0.76579,0.7417,0.52446
U2-03,U4-15,苔むした丸岩ゴーレム,結晶装甲の岩ゴーレム,0.66501,0.74548,0.90408,0.59906,0.53372
U2-21,U6-22,岩の体と赤いハサミを持つヤドカリ,黒赤装甲の巨大カニ,0.66432,0.86501,0.89337,0.83891,0.33687
U2-02,G3-26,炎の尾を持つ小さなキツネ,時計仕掛けのキツネ,0.66381,0.75902,0.7902,0.73029,0.50845
U4-12,G3-21,白翼の聖騎士,ケーキ騎士,0.66301,0.76168,0.77168,0.7525,0.50203
U2-03,G3-17,苔むした丸岩ゴーレム,城入りスノードームゴーレム,0.66279,0.80081,0.90109,0.70831,0.43761
U1-20,U5-30,星をまとった黄色いスライム,王冠とローブの黄金スライム王,0.66257,0.86892,0.87678,0.86172,0.32589
U4-08,U6-29,鎌を持つ騎乗死神,王冠と杖を持つ黒いリッチ王,0.66185,0.83264,0.87793,0.79089,0.38318
U3-27,G3-02,苔むした小型岩ゴーレム,ティーポットゴーレム,0.66175,0.77065,0.78719,0.7555,0.48407
U2-04,U5-11,氷結晶を抱く白ウサギ,星月をまとった白ウサギ,0.66137,0.74766,0.76155,0.73483,0.52057
U1-24,U6-13,光る腹を持つハチ,赤い目の巨大ハチ,0.66118,0.76828,0.79916,0.73981,0.48644
U2-26,U5-10,炎をまとった黒い子獣,炎をまとった黒い鳥,0.66104,0.81778,0.84649,0.79135,0.40531
U6-07,G4-10,青い重装騎士,鏡の迷宮騎士,0.66052,0.79475,0.86618,0.72884,0.44151
G4-27,G5-16,宇宙方位磁針の巨人,世界時計の機械神,0.66045,0.83693,0.83258,0.84101,0.3725
U1-20,U6-30,星をまとった黄色いスライム,王冠と口ひげの黄金スライム王,0.6603,0.8675,0.87758,0.85822,0.32225
G3-02,G3-17,ティーポットゴーレム,城入りスノードームゴーレム,0.66003,0.80173,0.82124,0.78379,0.42884
G4-07,G5-03,磁器の女王,月を背負う優雅な女王,0.65981,0.80854,0.84616,0.77384,0.41716
U3-14,U4-14,青い鬼火をまとった白い霊体,青い鬼火をまとう九尾の白狐,0.65959,0.82789,0.8659,0.79279,0.38498
G5-17,G5-25,紫光を放つ星雲大聖堂,宙に浮く虚無宮殿,0.65832,0.82734,0.87166,0.78639,0.38256
G1-14,G3-30,方位磁針の生物,機械仕掛けの巨大方位磁針,0.6572,0.74824,0.74653,0.74989,0.50866
U5-06,U6-03,金青の装飾を持つ白い猛禽,青白い大ワシ,0.65621,0.84405,0.84018,0.84767,0.34973
U1-21,G2-20,貝殻を背負った泡の生物,巻貝の精,0.65573,0.78971,0.84227,0.74121,0.43712
G3-21,G4-10,ケーキ騎士,鏡の迷宮騎士,0.65567,0.7684,0.814,0.72633,0.47176
U6-23,U6-30,緑の毒スライム,王冠と口ひげの黄金スライム王,0.6554,0.82213,0.88418,0.76491,0.38337
G3-21,G3-24,ケーキ騎士,チェスのルーク騎士,0.65471,0.79461,0.81847,0.77264,0.42643
U4-14,U4-25,青い鬼火をまとう九尾の白狐,雷をまとった青いオオカミ,0.65402,0.82481,0.87333,0.78001,0.37537
U2-03,U5-12,苔むした丸岩ゴーレム,本の束でできたゴーレム,0.65378,0.75738,0.79789,0.72,0.48474
U4-10,U5-16,金色の大型ドラゴン,砂をまとった金色の竜,0.65282,0.82118,0.79125,0.84889,0.37813
U4-01,U6-30,王冠とローブをまとったスライム王,王冠と口ひげの黄金スライム王,0.65275,0.69484,0.90473,0.50107,0.58408
U3-27,G3-20,苔むした小型岩ゴーレム,郵便ポストゴーレム,0.65275,0.74471,0.81798,0.67714,0.5027
G4-14,G5-16,日時計の巨像,世界時計の機械神,0.65192,0.83153,0.7986,0.86199,0.35887
U5-15,U6-17,太鼓を持つキノコ旅人,赤傘のキノコ,0.6517,0.81148,0.82835,0.79595,0.39102
U3-29,U4-03,赤い子ドラゴン,黒紫の大型ドラゴン,0.65163,0.66475,0.79399,0.54541,0.63024
U4-10,U6-02,金色の大型ドラゴン,緑の翼竜,0.65117,0.81058,0.86501,0.76038,0.39108
G4-16,G4-17,操り人形の王,ルーレット魔王,0.65116,0.83508,0.78824,0.87837,0.3511
G1-25,G5-16,砂時計の精,世界時計の機械神,0.651,0.77193,0.78507,0.75983,0.45369
G4-11,G5-25,摩天楼の巨人,宙に浮く虚無宮殿,0.65032,0.78923,0.74783,0.82746,0.42368
U4-06,U4-27,溶岩でできた巨大ゴーレム,歯車を内蔵した森のゴーレム,0.65003,0.81978,0.83413,0.80657,0.37306
G3-02,G3-10,ティーポットゴーレム,道路標識ゴーレム,0.64988,0.72395,0.72951,0.71895,0.52904
U4-10,U4-30,金色の大型ドラゴン,雲に乗る金色の天竜,0.64958,0.82644,0.83143,0.82186,0.36103
U1-23,G4-19,石像になった小型ガーゴイル,巨大鐘のガーゴイル,0.64939,0.84455,0.84336,0.84569,0.33097
U4-27,G3-20,歯車を内蔵した森のゴーレム,郵便ポストゴーレム,0.64932,0.78733,0.86114,0.7192,0.42415
U3-29,U6-02,赤い子ドラゴン,緑の翼竜,0.64925,0.78346,0.80855,0.76034,0.43028
U4-27,G3-02,歯車を内蔵した森のゴーレム,ティーポットゴーレム,0.64818,0.79512,0.79731,0.79317,0.40843
U5-05,U6-10,魔法帽子ランタンのクラゲ,青いクラゲ,0.64785,0.72044,0.7591,0.68481,0.52943
U2-23,U6-03,青白いグリフォン,青白い大ワシ,0.64765,0.77833,0.8303,0.73041,0.43444
U5-12,G3-02,本の束でできたゴーレム,ティーポットゴーレム,0.6476,0.75337,0.78458,0.72461,0.47503
U4-01,U5-01,王冠とローブをまとったスライム王,泡を出す青いスライム,0.64725,0.82415,0.85907,0.79198,0.35862
U4-04,U6-25,宝珠を抱く巨大な古代樹,顔のある巨大樹,0.6468,0.86378,0.87563,0.8529,0.29278
U4-12,G4-10,白翼の聖騎士,鏡の迷宮騎士,0.64644,0.77633,0.85219,0.70627,0.43452
U2-14,U5-15,旅装をしたキノコ,太鼓を持つキノコ旅人,0.64606,0.81989,0.85018,0.79197,0.36245
U4-06,U5-12,溶岩でできた巨大ゴーレム,本の束でできたゴーレム,0.64593,0.73622,0.80323,0.67433,0.49861
U4-27,G3-10,歯車を内蔵した森のゴーレム,道路標識ゴーレム,0.64544,0.76982,0.78537,0.75554,0.44251
U5-29,U6-29,大鎌を持つ黒紫の死神,王冠と杖を持つ黒いリッチ王,0.64544,0.78777,0.81759,0.76031,0.41323
U1-14,G3-28,紫炎でできた一つ目の霊体,鏡の霊体,0.64442,0.73687,0.83787,0.64358,0.49359
U1-08,U2-08,青い鬼火をまとった小さなガイコツ,紫の鬼火に包まれたドクロ,0.64405,0.74803,0.79501,0.70468,0.4744
U4-27,G3-17,歯車を内蔵した森のゴーレム,城入りスノードームゴーレム,0.64387,0.81865,0.90717,0.73698,0.3587
G4-16,G5-07,操り人形の王,黒紫の深淵魔王,0.64358,0.82485,0.82972,0.82038,0.34783
G4-11,G4-29,摩天楼の巨人,火山炉の城塞巨人,0.64282,0.79153,0.83092,0.75518,0.40018
U2-26,U3-16,炎をまとった黒い子獣,炎をまとった黒い小鳥,0.64272,0.79833,0.80057,0.79635,0.38882
U1-20,U2-01,星をまとった黄色いスライム,葉を生やした緑のスライム,0.64237,0.76486,0.86956,0.66822,0.44252
U4-01,U6-01,王冠とローブをまとったスライム王,笑顔の青いスライム,0.64195,0.81736,0.85069,0.78666,0.35577
U3-08,U5-10,葉でできた小鳥,炎をまとった黒い鳥,0.64141,0.74969,0.79474,0.70819,0.46475
U5-12,G3-10,本の束でできたゴーレム,道路標識ゴーレム,0.64107,0.71855,0.72651,0.71126,0.51466
U5-07,U5-27,泡をまとった青赤の海竜,二つ首の青赤海竜,0.64085,0.79108,0.78793,0.79409,0.39572
U6-07,G3-24,青い重装騎士,チェスのルーク騎士,0.64064,0.78869,0.81107,0.76811,0.3991
G5-07,G5-27,黒紫の深淵魔王,舞台ごと現れた夢劇場の王,0.64032,0.8803,0.92296,0.84097,0.24877
U4-06,G3-10,溶岩でできた巨大ゴーレム,道路標識ゴーレム,0.64005,0.75272,0.75674,0.74909,0.45623
U5-24,U6-15,火山を背負った溶岩ガメ,甲羅装甲の緑カメ,0.63981,0.78996,0.78161,0.79774,0.39484
U2-29,U6-14,青いランタンを持つフード幽霊,舌を出す白い幽霊,0.63868,0.83153,0.87351,0.79282,0.32402
G1-25,G4-27,砂時計の精,宇宙方位磁針の巨人,0.63812,0.75602,0.81598,0.70067,0.44576
U5-30,U6-23,王冠とローブの黄金スライム王,緑の毒スライム,0.63787,0.7912,0.87157,0.71705,0.3877
G4-26,G5-07,多数の王冠をまとう王,黒紫の深淵魔王,0.63697,0.85278,0.87621,0.83119,0.28486
U1-20,U3-28,星をまとった黄色いスライム,葉のふたを持つ緑の壺スライム,0.63666,0.77321,0.87353,0.68059,0.41387
U2-15,U6-02,葉と角を持つ緑の子ドラゴン,緑の翼竜,0.63627,0.79645,0.85468,0.74276,0.37493
U4-08,U4-23,鎌を持つ騎乗死神,王冠と杖を持つリッチ王,0.63577,0.77957,0.76491,0.79313,0.40114
G4-11,G4-18,摩天楼の巨人,時計塔の怪物,0.63541,0.79342,0.71585,0.86507,0.3776
U5-08,U6-07,盾と槍を持つカカシ騎士,青い重装騎士,0.63535,0.79205,0.86044,0.72898,0.37969
U4-30,U5-16,雲に乗る金色の天竜,砂をまとった金色の竜,0.63523,0.81283,0.81525,0.81066,0.34545
U6-09,G4-14,苔むした岩ゴーレム,日時計の巨像,0.63492,0.83522,0.87421,0.79926,0.3081
G4-16,G5-27,操り人形の王,舞台ごと現れた夢劇場の王,0.63478,0.80253,0.80471,0.80058,0.36109
U4-27,U5-12,歯車を内蔵した森のゴーレム,本の束でできたゴーレム,0.63448,0.77983,0.78798,0.7723,0.39733
U1-01,U4-01,葉を生やした青い水スライム,王冠とローブをまとったスライム王,0.63439,0.83515,0.85083,0.82074,0.30683
U3-01,U4-01,泡を出す青いスライム,王冠とローブをまとったスライム王,0.63433,0.80332,0.82007,0.78792,0.35862
U6-07,G4-13,青い重装騎士,彗星剣の戦士,0.63431,0.78259,0.84464,0.72533,0.39238
U2-06,G2-20,水の体と巻貝を持つカタツムリ,巻貝の精,0.63388,0.6939,0.76438,0.62888,0.53594
G4-16,G4-26,操り人形の王,多数の王冠をまとう王,0.63353,0.81117,0.76033,0.85817,0.3437
G3-18,G4-06,自動販売機ミミック,黒曜石の音楽箱獣,0.63323,0.84156,0.86205,0.82268,0.29333
U4-06,G3-20,溶岩でできた巨大ゴーレム,郵便ポストゴーレム,0.63285,0.75271,0.7563,0.74946,0.4373
U6-09,U6-19,苔むした岩ゴーレム,青い氷結晶ゴーレム,0.63281,0.70676,0.80912,0.61216,0.51215
U1-30,U3-29,泡をまとった青い子ドラゴン,赤い子ドラゴン,0.63274,0.54558,0.8018,0.309,0.77496
U2-18,G2-20,青結晶の殻を持つカタツムリ,巻貝の精,0.63207,0.72464,0.78254,0.6712,0.48102
U5-08,G4-10,盾と槍を持つカカシ騎士,鏡の迷宮騎士,0.63175,0.80373,0.82592,0.78336,0.35114
G4-17,G4-26,ルーレット魔王,多数の王冠をまとう王,0.63149,0.84231,0.79983,0.88158,0.28753
U5-24,G3-19,火山を背負った溶岩ガメ,古いカメラのクモ,0.63113,0.79283,0.82055,0.76727,0.36729
U4-06,U6-09,溶岩でできた巨大ゴーレム,苔むした岩ゴーレム,0.63101,0.74097,0.82548,0.66296,0.45161
G5-07,G5-22,黒紫の深淵魔王,多色の門を操る次元王,0.63041,0.84875,0.88693,0.81357,0.27416
U5-26,U6-06,楽器を弾く魔法使いガイコツ,剣盾を持つガイコツ兵,0.63001,0.75815,0.70651,0.80592,0.42094
G3-17,G3-20,城入りスノードームゴーレム,郵便ポストゴーレム,0.62988,0.74298,0.88737,0.6097,0.44535
U6-06,U6-29,剣盾を持つガイコツ兵,王冠と杖を持つ黒いリッチ王,0.62937,0.78123,0.7932,0.77025,0.38161
G3-10,G3-17,道路標識ゴーレム,城入りスノードームゴーレム,0.62922,0.73009,0.78499,0.67951,0.46463
G4-02,G4-27,時計仕掛けの宮殿巨人,宇宙方位磁針の巨人,0.62882,0.78004,0.72673,0.82929,0.38211
U4-12,U6-07,白翼の聖騎士,青い重装騎士,0.6284,0.72557,0.80707,0.65033,0.46984
U6-09,G4-25,苔むした岩ゴーレム,星空球を抱く巨像,0.62814,0.82417,0.83062,0.81823,0.30831
U2-08,U3-10,紫の鬼火に包まれたドクロ,青い鬼火をまとったガイコツ,0.62777,0.70607,0.75405,0.66178,0.5
G5-07,G5-10,黒紫の深淵魔王,白毛の巨大獣王,0.62744,0.81641,0.9139,0.72636,0.31911
U3-24,U4-05,氷をまとった青白いヒツジ,氷をまとった青いフェニックス,0.62733,0.84778,0.85411,0.84199,0.26766
U4-27,G4-14,歯車を内蔵した森のゴーレム,日時計の巨像,0.62731,0.85797,0.88085,0.83683,0.25099
G4-02,G4-28,時計仕掛けの宮殿巨人,虹結晶の大聖堂,0.6272,0.814,0.78789,0.83813,0.32244
U2-13,U6-24,水をまとった青いカワウソ,水をまとった青い海竜,0.62683,0.79597,0.85551,0.74105,0.35088
U3-23,U5-15,旅装をしたキノコ,太鼓を持つキノコ旅人,0.6267,0.78865,0.7516,0.82293,0.36245
U2-09,U5-24,葉を背負った小さなカメ,火山を背負った溶岩ガメ,0.62662,0.71989,0.78627,0.65868,0.47446
U4-14,U6-12,青い鬼火をまとう九尾の白狐,青いオオカミ,0.62645,0.76501,0.8638,0.67376,0.40038
U2-21,G3-05,岩の体と赤いハサミを持つヤドカリ,時計仕掛けのカニ,0.62641,0.80831,0.83807,0.78096,0.32963
U2-23,U6-16,青白いグリフォン,雷をまとった青黄の鳥,0.62584,0.79858,0.84086,0.75962,0.34401
U5-12,G3-17,本の束でできたゴーレム,城入りスノードームゴーレム,0.62575,0.75358,0.80393,0.70714,0.41719
U1-08,U3-14,青い鬼火をまとった小さなガイコツ,青い鬼火をまとった白い霊体,0.62575,0.7614,0.74516,0.77645,0.40443
G3-21,G4-13,ケーキ騎士,彗星剣の戦士,0.62548,0.75187,0.80304,0.70465,0.41926
U4-05,U6-16,氷をまとった青いフェニックス,雷をまとった青黄の鳥,0.62518,0.77417,0.88215,0.67445,0.38208
U5-14,U6-25,一つ目の巨大樹人,顔のある巨大樹,0.62504,0.81608,0.78387,0.84589,0.31334
G4-14,G4-27,日時計の巨像,宇宙方位磁針の巨人,0.62495,0.7832,0.77771,0.78833,0.36674
U3-10,U3-14,青い鬼火をまとったガイコツ,青い鬼火をまとった白い霊体,0.62487,0.7466,0.75552,0.73838,0.42626
U6-19,G3-17,青い氷結晶ゴーレム,城入りスノードームゴーレム,0.62478,0.75065,0.80743,0.6982,0.4194
G4-26,G5-27,多数の王冠をまとう王,舞台ごと現れた夢劇場の王,0.6244,0.85644,0.86596,0.84773,0.24582
G5-03,G5-18,月を背負う優雅な女王,天空と大地をまとった地平の女王,0.62436,0.83519,0.86026,0.81211,0.28036
U6-03,U6-16,青白い大ワシ,雷をまとった青黄の鳥,0.62435,0.78127,0.80779,0.75683,0.36831
U4-09,G4-07,杖を持つ森の妖精女王,磁器の女王,0.62358,0.74222,0.85564,0.63747,0.42999
U1-30,U5-27,泡をまとった青い子ドラゴン,二つ首の青赤海竜,0.62297,0.8266,0.86034,0.7955,0.29073
G3-30,G4-02,機械仕掛けの巨大方位磁針,時計仕掛けの宮殿巨人,0.62239,0.76325,0.7364,0.78806,0.39256
U4-15,U5-12,結晶装甲の岩ゴーレム,本の束でできたゴーレム,0.6219,0.72593,0.83291,0.62716,0.45217
G4-01,G4-14,大聖堂の鐘を宿す巨像,日時計の巨像,0.62187,0.85359,0.84403,0.86246,0.24381
G4-28,G4-29,虹結晶の大聖堂,火山炉の城塞巨人,0.6213,0.804,0.88009,0.73379,0.32321
U4-15,G3-10,結晶装甲の岩ゴーレム,道路標識ゴーレム,0.62117,0.69324,0.81657,0.57938,0.50358
U5-01,U6-23,泡を出す青いスライム,緑の毒スライム,0.6205,0.63377,0.83474,0.44819,0.59884
G1-17,G2-21,ハンドベルの生物,サンゴ鐘の生物,0.62044,0.73426,0.74691,0.72256,0.43474
G4-07,G5-10,磁器の女王,白毛の巨大獣王,0.6202,0.76637,0.75348,0.77835,0.38171
G4-01,G4-18,大聖堂の鐘を宿す巨像,時計塔の怪物,0.62002,0.82545,0.76377,0.88245,0.28483
U4-18,G4-07,水と蓮に包まれた女王,磁器の女王,0.6199,0.74804,0.899,0.60853,0.41082
U6-02,U6-24,緑の翼竜,水をまとった青い海竜,0.61981,0.75483,0.83181,0.68379,0.39953
U2-16,U3-04,体が溶けたロウソクの精,炎を灯したロウソク幽霊,0.61958,0.85076,0.81274,0.88592,0.24238
G4-07,G5-09,磁器の女王,氷宮の女帝,0.61949,0.80083,0.85765,0.74828,0.32361
U6-01,U6-23,笑顔の青いスライム,緑の毒スライム,0.61928,0.63472,0.84145,0.44385,0.59408
U2-07,U3-11,青い羽のハチ妖精,光球を出す青橙の蝶,0.61913,0.81817,0.85943,0.78012,0.29438
U3-07,G2-20,青い体と橙色の殻のカタツムリ,巻貝の精,0.61896,0.69631,0.7483,0.64834,0.49276
U2-01,U3-01,葉を生やした緑のスライム,泡を出す青いスライム,0.61859,0.69707,0.85446,0.55174,0.49054
U5-06,U6-16,金青の装飾を持つ白い猛禽,雷をまとった青黄の鳥,0.61854,0.80375,0.86081,0.75108,0.31636
G5-07,G5-12,黒紫の深淵魔王,仮面とカードを操る道化王,0.61839,0.84219,0.83096,0.8526,0.25324
U4-15,G3-02,結晶装甲の岩ゴーレム,ティーポットゴーレム,0.61834,0.71244,0.8016,0.63016,0.4648
G4-03,G5-07,日食仮面の支配者,黒紫の深淵魔王,0.61818,0.84815,0.89863,0.80161,0.24296
G4-10,G4-13,鏡の迷宮騎士,彗星剣の戦士,0.61813,0.75582,0.79487,0.71983,0.39347
U4-23,U5-26,王冠と杖を持つリッチ王,楽器を弾く魔法使いガイコツ,0.61781,0.77808,0.80673,0.7517,0.35633
U3-21,U6-01,青い結晶を背負った水の生物,笑顔の青いスライム,0.61756,0.83878,0.81232,0.86328,0.25662
G3-30,G4-27,機械仕掛けの巨大方位磁針,宇宙方位磁針の巨人,0.61753,0.70979,0.68476,0.73296,0.46699
U4-08,U6-06,鎌を持つ騎乗死神,剣盾を持つガイコツ兵,0.6174,0.73532,0.77462,0.69908,0.425
G3-24,G4-10,チェスのルーク騎士,鏡の迷宮騎士,0.61651,0.76815,0.79439,0.74403,0.36909
U2-27,U3-24,氷をまとった白フクロウ,氷をまとった青白いヒツジ,0.61602,0.85467,0.85775,0.85188,0.22666
G1-25,G4-14,砂時計の精,日時計の巨像,0.61595,0.73026,0.74284,0.71867,0.42945
G5-10,G5-27,白毛の巨大獣王,舞台ごと現れた夢劇場の王,0.61579,0.83988,0.9232,0.76296,0.25017
U3-09,U6-20,花を付けた葉のウサギ,角を持つ白ウサギ,0.6157,0.6804,0.76583,0.60147,0.51012
G5-07,G5-29,黒紫の深淵魔王,赤黒の宇宙操り人形皇帝,0.61547,0.85245,0.88009,0.82695,0.22883
G4-02,G4-29,時計仕掛けの宮殿巨人,火山炉の城塞巨人,0.61538,0.80582,0.78908,0.82133,0.30464
U4-18,G5-03,水と蓮に包まれた女王,月を背負う優雅な女王,0.61497,0.79845,0.89184,0.71221,0.3156
G3-09,G4-06,旅行かばんミミック,黒曜石の音楽箱獣,0.61491,0.81201,0.81051,0.81341,0.29333
U2-20,U6-01,泡を出す青いしずくスライム,笑顔の青いスライム,0.61448,0.69579,0.60543,0.77929,0.48182
U6-15,G3-19,甲羅装甲の緑カメ,古いカメラのクモ,0.61443,0.76874,0.80907,0.7316,0.36265
G3-06,G4-10,傘槍の戦士,鏡の迷宮騎士,0.61442,0.73238,0.75406,0.71243,0.42196
G4-14,G4-25,日時計の巨像,星空球を抱く巨像,0.61436,0.78245,0.77993,0.78484,0.3401
U5-10,U6-16,炎をまとった黒い鳥,雷をまとった青黄の鳥,0.6142,0.6695,0.71736,0.62539,0.52397
U5-23,U6-27,多色羽の森の妖精,緑羽の妖精,0.6142,0.76602,0.81179,0.72373,0.36651
U1-30,U4-03,泡をまとった青い子ドラゴン,黒紫の大型ドラゴン,0.61417,0.65451,0.85396,0.47024,0.54835
G3-29,G4-06,工具箱ミミック,黒曜石の音楽箱獣,0.614,0.79131,0.80725,0.7766,0.32471
G5-03,G5-10,月を背負う優雅な女王,白毛の巨大獣王,0.61396,0.81053,0.81059,0.81052,0.29324
U4-04,U5-22,宝珠を抱く巨大な古代樹,湿地をまとった巨大樹,0.61374,0.81914,0.80478,0.83243,0.27861
U4-09,G5-18,杖を持つ森の妖精女王,天空と大地をまとった地平の女王,0.61364,0.81262,0.90078,0.73121,0.28898
U4-06,G3-02,溶岩でできた巨大ゴーレム,ティーポットゴーレム,0.613,0.73063,0.77116,0.69331,0.42109
U4-15,U4-27,結晶装甲の岩ゴーレム,歯車を内蔵した森のゴーレム,0.61275,0.73593,0.91591,0.56974,0.41178
U1-05,U5-05,雲の体を持つクラゲ,魔法帽子ランタンのクラゲ,0.61266,0.71494,0.77214,0.6621,0.44579
G4-02,G4-14,時計仕掛けの宮殿巨人,日時計の巨像,0.61245,0.84092,0.83038,0.8507,0.23968
U5-08,G3-24,盾と槍を持つカカシ騎士,チェスのルーク騎士,0.61225,0.79296,0.78621,0.79927,0.31741
U2-12,U3-25,花を咲かせた小型サボテン,花を咲かせた緑のヘビ,0.61218,0.81676,0.87491,0.76315,0.2784
U5-26,U6-29,楽器を弾く魔法使いガイコツ,王冠と杖を持つ黒いリッチ王,0.61199,0.77846,0.81345,0.74622,0.34038
U1-01,U3-28,葉を生やした青い水スライム,葉のふたを持つ緑の壺スライム,0.61196,0.74645,0.8787,0.6244,0.39253
U4-08,U5-26,鎌を持つ騎乗死神,楽器を弾く魔法使いガイコツ,0.6116,0.75527,0.8331,0.68343,0.3772
U1-01,U6-23,葉を生やした青い水スライム,緑の毒スライム,0.61107,0.67157,0.83433,0.52136,0.51236
G5-07,G5-08,黒紫の深淵魔王,紅い外套と剣の覇王,0.61084,0.81387,0.87373,0.75862,0.27957
U2-03,G4-14,苔むした丸岩ゴーレム,日時計の巨像,0.61062,0.80519,0.85418,0.75996,0.29316
G5-05,G5-29,冷静な蒼い嵐の皇帝,赤黒の宇宙操り人形皇帝,0.6106,0.77661,0.83851,0.71947,0.33975
G4-01,G4-29,大聖堂の鐘を宿す巨像,火山炉の城塞巨人,0.61033,0.8203,0.8235,0.81739,0.26775
G4-17,G5-10,ルーレット魔王,白毛の巨大獣王,0.61026,0.78688,0.83674,0.74082,0.32211
G3-06,G3-14,傘槍の戦士,レコード円盤戦士,0.6101,0.72768,0.71358,0.74082,0.41827
G5-03,G5-09,月を背負う優雅な女王,氷宮の女帝,0.60997,0.84701,0.85746,0.83739,0.22324
U5-08,G3-21,盾と槍を持つカカシ騎士,ケーキ騎士,0.6098,0.73489,0.72311,0.7458,0.4057
U4-04,U5-14,宝珠を抱く巨大な古代樹,一つ目の巨大樹人,0.60929,0.8593,0.83662,0.88029,0.20139
U2-10,U6-11,太陽のような炎の精,人型の炎エレメント,0.60926,0.81504,0.77173,0.85509,0.27352
U4-06,U4-13,溶岩でできた巨大ゴーレム,火山を背負った溶岩ガメ,0.60921,0.86054,0.87021,0.85168,0.19915
U5-29,U6-06,大鎌を持つ黒紫の死神,剣盾を持つガイコツ兵,0.60913,0.73779,0.7929,0.68696,0.3992
G1-14,G3-05,方位磁針の生物,時計仕掛けのカニ,0.60906,0.77729,0.80001,0.75641,0.33458
G3-06,G3-21,傘槍の戦士,ケーキ騎士,0.60896,0.70661,0.73591,0.67959,0.44963
U1-18,U2-29,提灯を持つ白い幽霊,青いランタンを持つフード幽霊,0.6088,0.7726,0.87702,0.67616,0.34154
U2-23,U5-06,青白いグリフォン,金青の装飾を持つ白い猛禽,0.60875,0.78165,0.81783,0.74829,0.32666
G4-11,G5-17,摩天楼の巨人,紫光を放つ星雲大聖堂,0.6085,0.72289,0.76925,0.68002,0.42185
U2-27,U6-03,氷をまとった白フクロウ,青白い大ワシ,0.60834,0.755,0.80917,0.70494,0.36907
U3-27,G4-14,苔むした小型岩ゴーレム,日時計の巨像,0.60829,0.80655,0.82285,0.79153,0.2848
U1-30,U2-15,泡をまとった青い子ドラゴン,葉と角を持つ緑の子ドラゴン,0.60823,0.63678,0.85454,0.43573,0.56166
G4-26,G5-29,多数の王冠をまとう王,赤黒の宇宙操り人形皇帝,0.60811,0.85493,0.83723,0.87132,0.20542
G5-10,G5-22,白毛の巨大獣王,多色の門を操る次元王,0.60799,0.81165,0.86265,0.76461,0.27571
G4-17,G5-29,ルーレット魔王,赤黒の宇宙操り人形皇帝,0.60796,0.83901,0.79917,0.87586,0.23098
U4-12,U5-08,白翼の聖騎士,盾と槍を持つカカシ騎士,0.60793,0.75151,0.81186,0.69581,0.37367
U2-30,U3-17,発光器を持つ青いチョウチンアンコウ,泡を出す青い魚,0.60788,0.75299,0.81931,0.69178,0.37112
G4-07,G5-05,磁器の女王,冷静な蒼い嵐の皇帝,0.60695,0.79921,0.82544,0.77503,0.29326
U4-02,U6-03,金青の装飾を持つ聖獣グリフォン,青白い大ワシ,0.60665,0.79855,0.8737,0.72913,0.29354
G4-18,G5-25,時計塔の怪物,宙に浮く虚無宮殿,0.60663,0.76762,0.72221,0.80954,0.34396
U4-12,G4-13,白翼の聖騎士,彗星剣の戦士,0.60655,0.74162,0.841,0.64984,0.38617
U1-15,U6-03,薬瓶を運ぶ黒いカラス,青白い大ワシ,0.60649,0.7739,0.80902,0.74153,0.33335
G4-17,G5-27,ルーレット魔王,舞台ごと現れた夢劇場の王,0.60609,0.82367,0.82131,0.8259,0.25111
G2-13,G2-15,塩入れの生物,白いもちの生物,0.60609,0.87309,0.88712,0.86014,0.17047
G4-26,G5-08,多数の王冠をまとう王,紅い外套と剣の覇王,0.60596,0.82353,0.82983,0.81773,0.25097
U3-09,U5-11,花を付けた葉のウサギ,星月をまとった白ウサギ,0.60582,0.69451,0.79445,0.60218,0.46111
U5-14,U5-22,一つ目の巨大樹人,湿地をまとった巨大樹,0.60506,0.79316,0.73796,0.84417,0.29817
U4-03,U4-28,黒紫の大型ドラゴン,結晶翼を持つ青紫ドラゴン,0.6048,0.69473,0.82581,0.57357,0.45808
G3-24,G4-13,チェスのルーク騎士,彗星剣の戦士,0.60417,0.77342,0.77308,0.77381,0.32802
U2-01,U5-01,葉を生やした緑のスライム,泡を出す青いスライム,0.60395,0.67346,0.82176,0.53652,0.49054
U1-03,U5-18,青い結晶を背負った甲虫,紫結晶を背負ったモグラ,0.60388,0.70952,0.85507,0.57512,0.43151
U3-15,G2-20,巻貝を背負った小さなヤドカリ,巻貝の精,0.60377,0.75966,0.75595,0.76316,0.34942
U1-17,U4-13,火山岩のダンゴムシ,火山を背負った溶岩ガメ,0.60367,0.81455,0.84183,0.78942,0.25961
U4-13,G3-19,火山を背負った溶岩ガメ,古いカメラのクモ,0.60365,0.74852,0.8055,0.69597,0.36729
U1-28,U3-24,氷結晶をまとった白フクロウ,氷をまとった青白いヒツジ,0.60336,0.87241,0.864,0.88022,0.1644
G3-04,G4-06,洋服ダンスミミック,黒曜石の音楽箱獣,0.60334,0.79304,0.79718,0.78926,0.29383
U6-09,G4-01,苔むした岩ゴーレム,大聖堂の鐘を宿す巨像,0.60331,0.8346,0.87652,0.7959,0.22595
G4-29,G5-25,火山炉の城塞巨人,宙に浮く虚無宮殿,0.60287,0.77421,0.84013,0.71338,0.32332
U4-23,U6-06,王冠と杖を持つリッチ王,剣盾を持つガイコツ兵,0.60283,0.72745,0.69032,0.76183,0.3995
G4-16,G5-10,操り人形の王,白毛の巨大獣王,0.60246,0.75732,0.81055,0.70813,0.34979
G4-01,G4-22,大聖堂の鐘を宿す巨像,遊園地を背負う巨像,0.60226,0.82319,0.75183,0.88911,0.2418
U2-23,U2-27,青白いグリフォン,氷をまとった白フクロウ,0.60225,0.76008,0.8375,0.68864,0.34473
U5-12,G4-14,本の束でできたゴーレム,日時計の巨像,0.60206,0.79978,0.75502,0.84117,0.27948
U1-14,U3-14,紫炎でできた一つ目の霊体,青い鬼火をまとった白い霊体,0.60203,0.7828,0.81359,0.75437,0.30707
U1-10,U5-21,バラの殻を持つカタツムリ,青金の装甲を持つ巻貝昆虫,0.60199,0.75907,0.82593,0.69737,0.34569
G4-26,G5-13,多数の王冠をまとう王,生きた玉座に座る暴君,0.60184,0.84917,0.86508,0.83451,0.19829
G3-06,G3-24,傘槍の戦士,チェスのルーク騎士,0.60165,0.75479,0.76419,0.7462,0.35178
U1-08,U1-25,青い鬼火をまとった小さなガイコツ,骨が見える青いゾンビ魚,0.60161,0.78813,0.83394,0.74586,0.29729
G4-18,G4-27,時計塔の怪物,宇宙方位磁針の巨人,0.6015,0.77827,0.71966,0.83243,0.31309
U2-27,U5-06,氷をまとった白フクロウ,金青の装飾を持つ白い猛禽,0.60126,0.77702,0.82126,0.73615,0.31449
U3-17,U5-01,泡を出す青い魚,泡を出す青いスライム,0.6009,0.79678,0.7562,0.83434,0.28131
U4-21,U6-02,金装甲をまとった青い海竜,緑の翼竜,0.60079,0.74919,0.87053,0.63723,0.35866
U1-14,U2-08,紫炎でできた一つ目の霊体,紫の鬼火に包まれたドクロ,0.60033,0.87394,0.85125,0.89495,0.1539
G3-05,G4-02,時計仕掛けのカニ,時計仕掛けの宮殿巨人,0.60023,0.74533,0.81091,0.68476,0.36349
G4-17,G5-12,ルーレット魔王,仮面とカードを操る道化王,0.5999,0.81092,0.77855,0.84087,0.25561
G1-09,G4-27,懐中時計の子,宇宙方位磁針の巨人,0.59984,0.71748,0.84249,0.60203,0.40789
G1-09,G3-05,懐中時計の子,時計仕掛けのカニ,0.59968,0.78785,0.80618,0.77103,0.29266
U4-09,G5-01,杖を持つ森の妖精女王,笑顔で手を差し伸べる白ひげ王,0.59967,0.83295,0.88779,0.78235,0.21905
U2-27,U6-16,氷をまとった白フクロウ,雷をまとった青黄の鳥,0.59965,0.71539,0.78707,0.64921,0.4108
G5-05,G5-10,冷静な蒼い嵐の皇帝,白毛の巨大獣王,0.59944,0.81652,0.83904,0.79579,0.24528
U4-18,G5-09,水と蓮に包まれた女王,氷宮の女帝,0.59936,0.83197,0.88159,0.78611,0.21985
G3-17,G4-25,城入りスノードームゴーレム,星空球を抱く巨像,0.59909,0.81153,0.83928,0.7859,0.25247
U4-22,U5-10,巨大な炎のフェニックス,炎をまとった黒い鳥,0.5988,0.76454,0.75123,0.77689,0.32839
U1-10,U3-15,バラの殻を持つカタツムリ,巻貝を背負った小さなヤドカリ,0.59878,0.75714,0.78836,0.72842,0.34039
G3-30,G4-18,機械仕掛けの巨大方位磁針,時計塔の怪物,0.59853,0.75955,0.76641,0.75324,0.3358
G4-17,G5-08,ルーレット魔王,紅い外套と剣の覇王,0.59852,0.79239,0.80955,0.77655,0.2822
G1-14,G5-16,方位磁針の生物,世界時計の機械神,0.59839,0.70953,0.76528,0.65807,0.41705
U2-03,U2-21,苔むした丸岩ゴーレム,岩の体と赤いハサミを持つヤドカリ,0.59826,0.84086,0.87282,0.81143,0.20243
G4-03,G4-17,日食仮面の支配者,ルーレット魔王,0.59815,0.81444,0.8387,0.7921,0.24525
G3-28,G4-04,鏡の霊体,嵐をまとう幽霊船,0.59811,0.80679,0.88261,0.73685,0.25762
G4-16,G5-12,操り人形の王,仮面とカードを操る道化王,0.598,0.79439,0.77259,0.81458,0.27758
G4-16,G5-08,操り人形の王,紅い外套と剣の覇王,0.59785,0.77644,0.7773,0.7757,0.30645
U2-08,U4-08,紫の鬼火に包まれたドクロ,鎌を持つ騎乗死神,0.59774,0.75577,0.84904,0.66961,0.3399
U2-02,U4-25,炎の尾を持つ小さなキツネ,雷をまとった青いオオカミ,0.59756,0.7017,0.84666,0.56784,0.42766
U3-28,U6-30,葉のふたを持つ緑の壺スライム,王冠と口ひげの黄金スライム王,0.59751,0.78371,0.89815,0.67816,0.2937
G4-07,G5-07,磁器の女王,黒紫の深淵魔王,0.5974,0.73091,0.81436,0.65378,0.37957
U1-25,U6-29,骨が見える青いゾンビ魚,王冠と杖を持つ黒いリッチ王,0.59725,0.77635,0.85648,0.70239,0.30504
G5-10,G5-18,白毛の巨大獣王,天空と大地をまとった地平の女王,0.59722,0.80603,0.83215,0.78197,0.25653
U1-28,U6-03,氷結晶をまとった白フクロウ,青白い大ワシ,0.59721,0.74923,0.799,0.70324,0.34917
U6-29,G5-07,王冠と杖を持つ黒いリッチ王,黒紫の深淵魔王,0.5971,0.85129,0.88294,0.82213,0.18237
U3-21,U5-01,青い結晶を背負った水の生物,泡を出す青いスライム,0.59707,0.80447,0.76213,0.84363,0.25867
U4-09,G5-03,杖を持つ森の妖精女王,月を背負う優雅な女王,0.59698,0.76041,0.87858,0.65129,0.33033
U4-02,U6-16,金青の装飾を持つ聖獣グリフォン,雷をまとった青黄の鳥,0.59693,0.79351,0.83759,0.75279,0.27619
G5-12,G5-22,仮面とカードを操る道化王,多色の門を操る次元王,0.59675,0.79758,0.79993,0.7955,0.26908
U2-10,U4-13,太陽のような炎の精,火山を背負った溶岩ガメ,0.59674,0.8036,0.8425,0.76772,0.25922
G4-01,G5-25,大聖堂の鐘を宿す巨像,宙に浮く虚無宮殿,0.59669,0.76739,0.74862,0.78473,0.31817
U3-29,U4-30,赤い子ドラゴン,雲に乗る金色の天竜,0.5966,0.76791,0.82871,0.71179,0.31711
U5-21,G2-20,青金の装甲を持つ巻貝昆虫,巻貝の精,0.59654,0.73312,0.77956,0.69029,0.37368
U1-04,U3-05,どんぐりを抱えた赤い小悪魔,どんぐりを背負ったクモ,0.59641,0.80515,0.80317,0.80704,0.25585
U1-30,U4-10,泡をまとった青い子ドラゴン,金色の大型ドラゴン,0.59627,0.62565,0.83494,0.43236,0.54835
U3-17,U6-18,泡を出す青い魚,発光器を持つ青いチョウチンアンコウ,0.59625,0.73423,0.80651,0.66749,0.37112
U4-27,U6-25,歯車を内蔵した森のゴーレム,顔のある巨大樹,0.59611,0.8635,0.86826,0.85915,0.15984
U4-23,U5-29,王冠と杖を持つリッチ王,大鎌を持つ黒紫の死神,0.59608,0.73048,0.70708,0.75216,0.37679
G5-08,G5-27,紅い外套と剣の覇王,舞台ごと現れた夢劇場の王,0.59597,0.8269,0.87658,0.78112,0.21918
U3-01,U6-23,泡を出す青いスライム,緑の毒スライム,0.59583,0.59398,0.77965,0.42255,0.59884
G5-09,G5-18,氷宮の女帝,天空と大地をまとった地平の女王,0.59574,0.82757,0.86132,0.79637,0.21748
U3-08,U6-16,葉でできた小鳥,雷をまとった青黄の鳥,0.59569,0.69139,0.66759,0.71344,0.43955
U1-02,U5-26,頭に火が灯る小さなゾンビ,楽器を弾く魔法使いガイコツ,0.59567,0.76866,0.77185,0.76575,0.31342
G4-03,G4-26,日食仮面の支配者,多数の王冠をまとう王,0.59565,0.82704,0.85381,0.80241,0.21811
G4-03,G5-27,日食仮面の支配者,舞台ごと現れた夢劇場の王,0.59555,0.84382,0.9041,0.78827,0.19048
U3-02,U5-02,苔をまとった子犬,花と苔をまとった巻角のヒツジ,0.59513,0.81037,0.79683,0.82294,0.24395
G4-17,G5-22,ルーレット魔王,多色の門を操る次元王,0.5947,0.78958,0.80601,0.77448,0.27674
G4-07,G5-01,磁器の女王,笑顔で手を差し伸べる白ひげ王,0.59466,0.78958,0.83935,0.74363,0.27663
U4-01,U6-23,王冠とローブをまとったスライム王,緑の毒スライム,0.59436,0.72275,0.89592,0.56291,0.38487
G4-02,G5-25,時計仕掛けの宮殿巨人,宙に浮く虚無宮殿,0.59419,0.75249,0.69582,0.80481,0.33591
U4-30,U6-02,雲に乗る金色の天竜,緑の翼竜,0.59403,0.74398,0.81706,0.67649,0.34939
G4-26,G5-12,多数の王冠をまとう王,仮面とカードを操る道化王,0.59396,0.81867,0.80865,0.828,0.22733
U4-17,U6-21,紫炎と角を持つ魔獣,翼と角を持つ獅子の魔獣,0.59386,0.75738,0.86212,0.66071,0.32706
U3-27,G4-01,苔むした小型岩ゴーレム,大聖堂の鐘を宿す巨像,0.59379,0.82972,0.87575,0.78721,0.20886
G3-05,G3-30,時計仕掛けのカニ,機械仕掛けの巨大方位磁針,0.59375,0.73498,0.7199,0.74902,0.36332
U4-04,U4-27,宝珠を抱く巨大な古代樹,歯車を内蔵した森のゴーレム,0.59348,0.87794,0.9044,0.85356,0.12936
G5-03,G5-05,月を背負う優雅な女王,冷静な蒼い嵐の皇帝,0.59322,0.81873,0.85839,0.78215,0.22529
U4-16,U6-13,金青の大型昆虫戦士,赤い目の巨大ハチ,0.59318,0.80017,0.79735,0.8028,0.25545
G5-05,G5-09,冷静な蒼い嵐の皇帝,氷宮の女帝,0.59279,0.80632,0.88371,0.73482,0.24441
U3-27,G4-25,苔むした小型岩ゴーレム,星空球を抱く巨像,0.59277,0.78141,0.82779,0.73862,0.28499
U1-28,U2-04,氷結晶をまとった白フクロウ,氷結晶を抱く白ウサギ,0.59276,0.85128,0.84738,0.85495,0.17097
U3-24,U5-13,氷をまとった青白いヒツジ,氷の毛と牙を持つイノシシ,0.59272,0.88625,0.88276,0.88953,0.11381
G4-01,G5-17,大聖堂の鐘を宿す巨像,紫光を放つ星雲大聖堂,0.5926,0.71727,0.75619,0.68131,0.38919
U1-17,G4-09,火山岩のダンゴムシ,隕石炉の巨人,0.59246,0.77033,0.76312,0.77702,0.30226
G1-07,G1-23,糸巻きの精,ほうきの精,0.5923,0.72368,0.70642,0.73971,0.37794
G5-05,G5-07,冷静な蒼い嵐の皇帝,黒紫の深淵魔王,0.59203,0.8054,0.88508,0.73183,0.2439
G4-01,G4-25,大聖堂の鐘を宿す巨像,星空球を抱く巨像,0.59195,0.80189,0.75963,0.84096,0.24942
G1-09,G5-16,懐中時計の子,世界時計の機械神,0.59191,0.70025,0.77346,0.63264,0.41515
G1-12,G2-18,長靴の生物,チーズ片の生物,0.59177,0.83455,0.81238,0.85507,0.19565
U3-14,U6-14,青い鬼火をまとった白い霊体,舌を出す白い幽霊,0.59173,0.808,0.83957,0.77886,0.23886
U5-12,G4-25,本の束でできたゴーレム,星空球を抱く巨像,0.5917,0.78294,0.7722,0.79294,0.27966
U2-03,G4-25,苔むした丸岩ゴーレム,星空球を抱く巨像,0.59163,0.77444,0.83311,0.72029,0.29335
U3-01,U3-28,泡を出す青いスライム,葉のふたを持つ緑の壺スライム,0.59158,0.67297,0.84318,0.51582,0.45878
G4-03,G4-16,日食仮面の支配者,操り人形の王,0.59143,0.79069,0.8029,0.77951,0.26632
G1-09,G3-30,懐中時計の子,機械仕掛けの巨大方位磁針,0.59135,0.72836,0.71066,0.74476,0.36782
U2-06,U3-15,水の体と巻貝を持つカタツムリ,巻貝を背負った小さなヤドカリ,0.59133,0.73022,0.82984,0.63833,0.36473
U5-12,G3-20,本の束でできたゴーレム,郵便ポストゴーレム,0.59127,0.65131,0.69368,0.61215,0.49331
G5-22,G5-27,多色の門を操る次元王,舞台ごと現れた夢劇場の王,0.59107,0.82161,0.85854,0.78761,0.21494
U4-07,U4-28,泡をまとった青赤の海竜,結晶翼を持つ青紫ドラゴン,0.59106,0.79338,0.84809,0.74283,0.26096
U2-21,U3-15,岩の体と赤いハサミを持つヤドカリ,巻貝を背負った小さなヤドカリ,0.59102,0.71419,0.75562,0.67602,0.39007
G5-13,G5-29,生きた玉座に座る暴君,赤黒の宇宙操り人形皇帝,0.59102,0.83766,0.87663,0.80169,0.18862
U4-09,G4-26,杖を持つ森の妖精女王,多数の王冠をまとう王,0.59061,0.78722,0.86588,0.7146,0.26981
U3-28,U5-30,葉のふたを持つ緑の壺スライム,王冠とローブの黄金スライム王,0.59059,0.77052,0.88341,0.66636,0.29702
U2-09,G3-19,葉を背負った小さなカメ,古いカメラのクモ,0.59052,0.73602,0.81821,0.66023,0.35314
G5-08,G5-13,紅い外套と剣の覇王,生きた玉座に座る暴君,0.59042,0.83302,0.84397,0.82296,0.19461
U4-13,G4-29,火山を背負った溶岩ガメ,火山炉の城塞巨人,0.59023,0.82082,0.87292,0.77274,0.21402
U2-23,U5-10,青白いグリフォン,炎をまとった黒い鳥,0.59022,0.72904,0.79297,0.67007,0.36373
G3-14,G4-10,レコード円盤戦士,鏡の迷宮騎士,0.59015,0.72875,0.79064,0.67166,0.36402
U3-30,U4-20,ランタンを持つ紫の魔法ネコ,仮面とランタンを持つ影の魔女,0.59009,0.74658,0.78459,0.71156,0.33476
U2-01,U6-01,葉を生やした緑のスライム,笑顔の青いスライム,0.59002,0.65338,0.82357,0.49627,0.48664
U4-12,U4-16,白翼の聖騎士,金青の大型昆虫戦士,0.59,0.80861,0.86652,0.75512,0.23333
U1-24,U3-11,光る腹を持つハチ,光球を出す青橙の蝶,0.58986,0.7683,0.80182,0.73745,0.29872
U1-25,U6-18,骨が見える青いゾンビ魚,発光器を持つ青いチョウチンアンコウ,0.58959,0.8019,0.79768,0.8059,0.24318
U1-18,U3-04,提灯を持つ白い幽霊,炎を灯したロウソク幽霊,0.58936,0.74047,0.75322,0.72869,0.34281
G5-01,G5-10,笑顔で手を差し伸べる白ひげ王,白毛の巨大獣王,0.58901,0.80747,0.8484,0.76972,0.23257
U2-25,U4-19,葉と枝角を持つ子ジカ,星をまとった白い神鹿,0.58898,0.76314,0.7937,0.73496,0.30482
U4-05,U6-03,氷をまとった青いフェニックス,青白い大ワシ,0.58873,0.76715,0.87603,0.66655,0.29762
G1-25,G3-30,砂時計の精,機械仕掛けの巨大方位磁針,0.5886,0.70298,0.64262,0.75881,0.40197
U1-21,U3-07,貝殻を背負った泡の生物,青い体と橙色の殻のカタツムリ,0.5886,0.71884,0.82129,0.62424,0.37611
U1-18,U3-14,提灯を持つ白い幽霊,青い鬼火をまとった白い霊体,0.58835,0.80428,0.81827,0.79139,0.23603
U3-15,U6-22,巻貝を背負った小さなヤドカリ,黒赤装甲の巨大カニ,0.58826,0.73333,0.77527,0.69466,0.35156
U1-25,U3-17,骨が見える青いゾンビ魚,泡を出す青い魚,0.58824,0.77985,0.83865,0.72559,0.27562
U4-28,U5-27,結晶翼を持つ青紫ドラゴン,二つ首の青赤海竜,0.58824,0.79127,0.83221,0.75347,0.25699
U4-27,G4-01,歯車を内蔵した森のゴーレム,大聖堂の鐘を宿す巨像,0.58817,0.83585,0.84664,0.82589,0.18407
U3-10,U5-26,青い鬼火をまとったガイコツ,楽器を弾く魔法使いガイコツ,0.5881,0.68305,0.74796,0.6231,0.43318
U4-09,G4-03,杖を持つ森の妖精女王,日食仮面の支配者,0.58806,0.80638,0.90895,0.71172,0.23185
U4-21,U4-28,金装甲をまとった青い海竜,結晶翼を持つ青紫ドラゴン,0.58805,0.79502,0.86029,0.73478,0.25037
U2-01,U5-30,葉を生やした緑のスライム,王冠とローブの黄金スライム王,0.58787,0.75353,0.87017,0.64591,0.31759
G4-26,G5-10,多数の王冠をまとう王,白毛の巨大獣王,0.58786,0.77259,0.85034,0.70081,0.28646
U4-27,U5-14,歯車を内蔵した森のゴーレム,一つ目の巨大樹人,0.58785,0.85456,0.84091,0.86721,0.15269
U6-09,G4-22,苔むした岩ゴーレム,遊園地を背負う巨像,0.58771,0.76473,0.75221,0.7763,0.29888
U4-09,G5-10,杖を持つ森の妖精女王,白毛の巨大獣王,0.58766,0.76259,0.8541,0.67808,0.30226
G4-14,G4-22,日時計の巨像,遊園地を背負う巨像,0.58761,0.74568,0.69383,0.7936,0.32971
U1-24,U2-07,光る腹を持つハチ,青い羽のハチ妖精,0.5876,0.73492,0.80808,0.6675,0.34722
G5-12,G5-27,仮面とカードを操る道化王,舞台ごと現れた夢劇場の王,0.58759,0.82605,0.8312,0.8214,0.19853
U3-10,U4-14,青い鬼火をまとったガイコツ,青い鬼火をまとう九尾の白狐,0.58753,0.76783,0.76247,0.77285,0.29334
G3-02,G4-14,ティーポットゴーレム,日時計の巨像,0.58752,0.77153,0.80623,0.73953,0.28728
U1-25,U4-08,骨が見える青いゾンビ魚,鎌を持つ騎乗死神,0.5874,0.74557,0.84081,0.65762,0.32932
G5-27,G5-29,舞台ごと現れた夢劇場の王,赤黒の宇宙操り人形皇帝,0.5873,0.83731,0.86015,0.8163,0.17939
U3-26,U5-05,雲の体を持つクラゲ,魔法帽子ランタンのクラゲ,0.58719,0.67386,0.74115,0.61172,0.44579
U1-13,U2-15,サボテンを背負った小型恐竜,葉と角を持つ緑の子ドラゴン,0.58708,0.84022,0.84227,0.83841,0.17408
G4-12,G4-23,黒穴を操る魔導士,月望遠鏡の魔導士,0.58697,0.79727,0.84014,0.75776,0.24385
U3-14,G3-28,青い鬼火をまとった白い霊体,鏡の霊体,0.58672,0.68196,0.84828,0.52826,0.43132
U5-16,U6-02,砂をまとった金色の竜,緑の翼竜,0.58667,0.72195,0.73906,0.7062,0.36594
U1-30,U2-13,泡をまとった青い子ドラゴン,水をまとった青いカワウソ,0.58659,0.82437,0.8379,0.81197,0.19864
U4-06,G3-17,溶岩でできた巨大ゴーレム,城入りスノードームゴーレム,0.58654,0.71936,0.83553,0.61217,0.36982
U3-01,U3-21,泡を出す青いスライム,青い結晶を背負った水の生物,0.58647,0.78738,0.73998,0.83123,0.25867
U4-12,G3-24,白翼の聖騎士,チェスのルーク騎士,0.58643,0.70512,0.74403,0.66922,0.39277
U2-01,U6-30,葉を生やした緑のスライム,王冠と口ひげの黄金スライム王,0.58634,0.75323,0.866,0.64921,0.31404
G1-14,G4-14,方位磁針の生物,日時計の巨像,0.58618,0.70349,0.79028,0.62336,0.39477
G4-30,G5-30,異次元門の守護者,六つの光輪を持つ世界封印の守護者,0.58584,0.79145,0.9118,0.6803,0.25037
U1-24,U4-16,光る腹を持つハチ,金青の大型昆虫戦士,0.58567,0.78817,0.81795,0.76073,0.25528
U3-16,U6-16,炎をまとった黒い小鳥,雷をまとった青黄の鳥,0.58518,0.63576,0.6762,0.5985,0.50265
U1-28,U6-16,氷結晶をまとった白フクロウ,雷をまとった青黄の鳥,0.58501,0.70536,0.75961,0.65527,0.38864
U4-10,U4-28,金色の大型ドラゴン,結晶翼を持つ青紫ドラゴン,0.58491,0.66265,0.86856,0.47247,0.45808
G4-19,G4-24,巨大鐘のガーゴイル,大地を揺らす太鼓巨人,0.5848,0.83581,0.83386,0.83767,0.17526
U6-06,G3-21,剣盾を持つガイコツ兵,ケーキ騎士,0.58476,0.82153,0.85381,0.79177,0.19845
G4-07,G4-26,磁器の女王,多数の王冠をまとう王,0.58466,0.73416,0.80692,0.66692,0.34074
G5-08,G5-29,紅い外套と剣の覇王,赤黒の宇宙操り人形皇帝,0.58455,0.81925,0.84412,0.79632,0.20161
U4-09,G5-07,杖を持つ森の妖精女王,黒紫の深淵魔王,0.5845,0.75853,0.91091,0.61778,0.30056
U3-18,U6-25,芽が生えた切り株,顔のある巨大樹,0.58449,0.80986,0.77277,0.84414,0.21679
U2-02,U4-14,炎の尾を持つ小さなキツネ,青い鬼火をまとう九尾の白狐,0.58444,0.75965,0.8492,0.67694,0.29859
U1-16,U4-19,葉と枝角を持つ子ジカ,星をまとった白い神鹿,0.58442,0.75579,0.75573,0.75589,0.30482
U1-28,U2-23,氷結晶をまとった白フクロウ,青白いグリフォン,0.58436,0.74262,0.83553,0.65691,0.32614
G3-10,G4-25,道路標識ゴーレム,星空球を抱く巨像,0.58433,0.75157,0.77377,0.73113,0.31146
U4-21,U4-25,金装甲をまとった青い海竜,雷をまとった青いオオカミ,0.58418,0.84755,0.90997,0.79,0.15447
U4-13,U6-11,火山を背負った溶岩ガメ,人型の炎エレメント,0.58407,0.80498,0.8086,0.8017,0.22364
U5-12,G4-01,本の束でできたゴーレム,大聖堂の鐘を宿す巨像,0.58402,0.81634,0.79722,0.83404,0.20496
U2-02,U6-12,炎の尾を持つ小さなキツネ,青いオオカミ,0.584,0.64981,0.78622,0.5238,0.47663
G4-18,G4-28,時計塔の怪物,虹結晶の大聖堂,0.58399,0.73117,0.67108,0.78669,0.34383
U2-06,U5-21,水の体と巻貝を持つカタツムリ,青金の装甲を持つ巻貝昆虫,0.5838,0.73123,0.82571,0.64402,0.34325
U4-18,G5-18,水と蓮に包まれた女王,天空と大地をまとった地平の女王,0.58377,0.77235,0.88563,0.66766,0.2761
U1-08,U4-14,青い鬼火をまとった小さなガイコツ,青い鬼火をまとう九尾の白狐,0.58368,0.77084,0.7933,0.75016,0.27832
G4-16,G5-22,操り人形の王,多色の門を操る次元王,0.58322,0.75649,0.78549,0.72977,0.30052
G5-01,G5-02,笑顔で手を差し伸べる白ひげ王,光の小精霊に囲まれた陽気な黄金王,0.58295,0.84115,0.82234,0.85857,0.16167
G4-03,G5-08,日食仮面の支配者,紅い外套と剣の覇王,0.58283,0.80886,0.87201,0.75063,0.21406
U3-01,U3-17,泡を出す青いスライム,泡を出す青い魚,0.5828,0.76759,0.71869,0.81283,0.28131
U3-10,U4-23,青い鬼火をまとったガイコツ,王冠と杖を持つリッチ王,0.58273,0.72148,0.74333,0.70132,0.35635
U3-07,U5-21,青い体と橙色の殻のカタツムリ,青金の装甲を持つ巻貝昆虫,0.58264,0.75325,0.84392,0.66958,0.30428
U1-27,U2-15,鍵を持つ緑のゴブリン,葉と角を持つ緑の子ドラゴン,0.58256,0.82743,0.8461,0.81029,0.18303
G1-14,G4-02,方位磁針の生物,時計仕掛けの宮殿巨人,0.58248,0.74521,0.83967,0.65792,0.31698
G4-07,G4-16,磁器の女王,操り人形の王,0.58217,0.68397,0.73442,0.63733,0.41607
G1-14,G4-18,方位磁針の生物,時計塔の怪物,0.58214,0.68876,0.74793,0.63403,0.40818
U1-03,U3-24,青い結晶を背負った甲虫,氷をまとった青白いヒツジ,0.58202,0.84842,0.87592,0.82307,0.14737
U5-08,G4-13,盾と槍を持つカカシ騎士,彗星剣の戦士,0.58158,0.74677,0.79683,0.70062,0.31207
G4-17,G5-13,ルーレット魔王,生きた玉座に座る暴君,0.58155,0.80134,0.791,0.81086,0.22296
U4-09,G4-17,杖を持つ森の妖精女王,ルーレット魔王,0.58145,0.75187,0.82839,0.6812,0.30339
U1-11,U1-28,氷の角を持つ白い小悪魔,氷結晶をまとった白フクロウ,0.58134,0.87568,0.8948,0.85805,0.1011
G3-07,G4-12,インクを操る魔女,黒穴を操る魔導士,0.58132,0.7894,0.7875,0.79123,0.24183
U1-28,U5-13,氷結晶をまとった白フクロウ,氷の毛と牙を持つイノシシ,0.58119,0.8808,0.89056,0.87185,0.09235
U1-21,U2-06,貝殻を背負った泡の生物,水の体と巻貝を持つカタツムリ,0.58109,0.69395,0.81569,0.58153,0.39696
G1-10,G4-06,郵便箱ミミック,黒曜石の音楽箱獣,0.58099,0.73765,0.78236,0.69636,0.3254
U2-03,G4-01,苔むした丸岩ゴーレム,大聖堂の鐘を宿す巨像,0.58052,0.80455,0.87727,0.73739,0.21499
U4-05,U4-22,氷をまとった青いフェニックス,巨大な炎のフェニックス,0.58045,0.56908,0.91713,0.24771,0.599
U4-13,G4-09,火山を背負った溶岩ガメ,隕石炉の巨人,0.58027,0.76727,0.83911,0.70091,0.27516
U2-23,U4-05,青白いグリフォン,氷をまとった青いフェニックス,0.58011,0.76528,0.87484,0.66413,0.27799
G1-26,G2-29,模様タイルの生物,虹色ビー玉の生物,0.5801,0.85754,0.92825,0.79228,0.12743
U4-01,U4-18,王冠とローブをまとったスライム王,水と蓮に包まれた女王,0.58008,0.82867,0.86388,0.79625,0.17448
G4-14,G4-18,日時計の巨像,時計塔の怪物,0.58004,0.77309,0.73526,0.80806,0.26505
G5-01,G5-18,笑顔で手を差し伸べる白ひげ王,天空と大地をまとった地平の女王,0.57987,0.82133,0.87812,0.76892,0.18592
U3-16,U4-22,炎をまとった黒い小鳥,巨大な炎のフェニックス,0.5798,0.74208,0.7115,0.77041,0.31503
U5-15,G4-24,太鼓を持つキノコ旅人,大地を揺らす太鼓巨人,0.57978,0.82585,0.85703,0.79708,0.17831
G3-14,G4-13,レコード円盤戦士,彗星剣の戦士,0.57969,0.69593,0.72082,0.67302,0.39002
U1-15,U2-23,薬瓶を運ぶ黒いカラス,青白いグリフォン,0.57953,0.7439,0.82298,0.67097,0.31136
U2-23,U3-08,青白いグリフォン,葉でできた小鳥,0.57944,0.71205,0.77929,0.65006,0.36306
U6-07,G3-06,青い重装騎士,傘槍の戦士,0.57943,0.67665,0.71754,0.63898,0.42081
G5-12,G5-29,仮面とカードを操る道化王,赤黒の宇宙操り人形皇帝,0.57921,0.82228,0.79121,0.85104,0.18261
G5-06,G5-30,巨大な鐘を持つ陽気な山の守護者,六つの光輪を持つ世界封印の守護者,0.57892,0.82395,0.89692,0.75655,0.17914
U1-28,G2-07,氷結晶をまとった白フクロウ,雪の結晶の子,0.57886,0.84524,0.83108,0.85837,0.14425
G4-07,G4-17,磁器の女王,ルーレット魔王,0.57875,0.69865,0.74355,0.65715,0.38314
G5-09,G5-10,氷宮の女帝,白毛の巨大獣王,0.57873,0.78481,0.85151,0.7232,0.24249
U1-08,U4-08,青い鬼火をまとった小さなガイコツ,鎌を持つ騎乗死神,0.57863,0.69199,0.82863,0.56576,0.39367
G4-29,G5-17,火山炉の城塞巨人,紫光を放つ星雲大聖堂,0.57828,0.73539,0.84727,0.63209,0.32193
U2-15,U4-30,葉と角を持つ緑の子ドラゴン,雲に乗る金色の天竜,0.57824,0.77379,0.87674,0.67875,0.25917
G5-05,G5-18,冷静な蒼い嵐の皇帝,天空と大地をまとった地平の女王,0.57817,0.81174,0.85275,0.77391,0.19709
G4-02,G5-16,時計仕掛けの宮殿巨人,世界時計の機械神,0.57816,0.77733,0.72412,0.82652,0.25321
U5-19,U6-13,雷をまとった巨大な蛾,赤い目の巨大ハチ,0.57797,0.7286,0.78033,0.68087,0.33222
U4-21,U4-30,金装甲をまとった青い海竜,雲に乗る金色の天竜,0.57781,0.76994,0.92382,0.6278,0.26433
U3-24,G2-07,氷をまとった青白いヒツジ,雪の結晶の子,0.57781,0.83107,0.79995,0.85985,0.1646
U1-14,U6-14,紫炎でできた一つ目の霊体,舌を出す白い幽霊,0.57779,0.80467,0.8528,0.76025,0.20761
U3-27,G4-22,苔むした小型岩ゴーレム,遊園地を背負う巨像,0.57771,0.76247,0.78375,0.74284,0.27628
U5-13,G2-07,氷の毛と牙を持つイノシシ,雪の結晶の子,0.57754,0.84003,0.81018,0.86764,0.14928
U1-21,U5-21,貝殻を背負った泡の生物,青金の装甲を持つ巻貝昆虫,0.57745,0.76594,0.81372,0.72184,0.26992
U3-18,U4-04,芽が生えた切り株,宝珠を抱く巨大な古代樹,0.57742,0.82379,0.83241,0.81588,0.17544
U4-21,U5-17,金装甲をまとった青い海竜,氷でできた青いドラゴン,0.57738,0.74767,0.798,0.70124,0.29953
U3-27,U6-19,苔むした小型岩ゴーレム,青い氷結晶ゴーレム,0.57724,0.64088,0.7704,0.52124,0.47341
U1-13,U6-02,サボテンを背負った小型恐竜,緑の翼竜,0.57692,0.77738,0.80779,0.74938,0.24984
U2-15,U4-03,葉と角を持つ緑の子ドラゴン,黒紫の大型ドラゴン,0.57669,0.61445,0.84955,0.3973,0.51509
U1-11,U2-27,氷の角を持つ白い小悪魔,氷をまとった白フクロウ,0.57666,0.87115,0.88423,0.85912,0.09618
G3-14,G3-21,レコード円盤戦士,ケーキ騎士,0.57637,0.73004,0.77239,0.69096,0.32564
U2-07,U6-13,青い羽のハチ妖精,赤い目の巨大ハチ,0.57633,0.7166,0.7712,0.66631,0.34746
U6-29,G4-03,王冠と杖を持つ黒いリッチ王,日食仮面の支配者,0.57603,0.83311,0.88152,0.78854,0.15658
G3-05,G3-26,時計仕掛けのカニ,時計仕掛けのキツネ,0.57583,0.71599,0.72277,0.70987,0.34717
U5-12,G4-22,本の束でできたゴーレム,遊園地を背負う巨像,0.57567,0.76233,0.72403,0.79774,0.27111
U5-09,G4-06,舌を出す宝箱ミミック,黒曜石の音楽箱獣,0.57558,0.74995,0.77774,0.72431,0.29108
G5-05,G5-22,冷静な蒼い嵐の皇帝,多色の門を操る次元王,0.57558,0.79919,0.80976,0.78952,0.21073
G1-16,G2-22,赤いしおりの精,松ぼっくりの精,0.57556,0.78601,0.82455,0.7505,0.2322
G4-17,G5-01,ルーレット魔王,笑顔で手を差し伸べる白ひげ王,0.57532,0.78486,0.82314,0.7495,0.23344
G1-09,G4-14,懐中時計の子,日時計の巨像,0.57515,0.68681,0.7699,0.61007,0.39297
G3-17,G4-01,城入りスノードームゴーレム,大聖堂の鐘を宿す巨像,0.57509,0.81415,0.88367,0.74998,0.18503
U4-06,G4-09,溶岩でできた巨大ゴーレム,隕石炉の巨人,0.57502,0.78487,0.80874,0.7628,0.23265
U2-11,U5-10,魔女帽子をかぶった黒いカラス,炎をまとった黒い鳥,0.575,0.68373,0.84874,0.53139,0.39759
U1-15,U5-06,薬瓶を運ぶ黒いカラス,金青の装飾を持つ白い猛禽,0.57494,0.75183,0.81539,0.69316,0.28633
U4-09,U4-18,杖を持つ森の妖精女王,水と蓮に包まれた女王,0.57482,0.72775,0.89569,0.57267,0.32531
G1-12,G1-29,長靴の生物,巻尺の生物,0.57481,0.76886,0.71082,0.82252,0.25821
U1-28,U5-06,氷結晶をまとった白フクロウ,金青の装飾を持つ白い猛禽,0.57473,0.74462,0.78133,0.71072,0.29753
G4-03,G5-12,日食仮面の支配者,仮面とカードを操る道化王,0.57469,0.79505,0.82526,0.76726,0.21516
U1-11,U5-13,氷の角を持つ白い小悪魔,氷の毛と牙を持つイノシシ,0.57464,0.82744,0.84938,0.80721,0.16218
U2-23,U4-22,青白いグリフォン,巨大な炎のフェニックス,0.57458,0.73777,0.89658,0.59118,0.30832
U4-16,G4-10,金青の大型昆虫戦士,鏡の迷宮騎士,0.5745,0.77838,0.84635,0.71567,0.24184
U3-28,U5-01,葉のふたを持つ緑の壺スライム,泡を出す青いスライム,0.57442,0.6453,0.80498,0.49787,0.45878
G4-26,G5-22,多数の王冠をまとう王,多色の門を操る次元王,0.57442,0.77564,0.80998,0.74402,0.24612
G5-13,G5-27,生きた玉座に座る暴君,舞台ごと現れた夢劇場の王,0.57436,0.82025,0.85682,0.78653,0.17317
G5-07,G5-13,黒紫の深淵魔王,生きた玉座に座る暴君,0.57408,0.79055,0.85979,0.72661,0.22089
U1-11,G2-07,氷の角を持つ白い小悪魔,雪の結晶の子,0.57402,0.82568,0.81021,0.84001,0.16342
U4-09,G4-16,杖を持つ森の妖精女王,操り人形の王,0.57401,0.72389,0.77133,0.68009,0.32946
U3-19,U3-24,巻角を持つ白い子ヒツジ,氷をまとった青白いヒツジ,0.57379,0.80099,0.93646,0.67579,0.20308
U4-02,U4-05,金青の装飾を持つ聖獣グリフォン,氷をまとった青いフェニックス,0.57376,0.78863,0.89842,0.6872,0.22318
U3-28,U6-01,葉のふたを持つ緑の壺スライム,笑顔の青いスライム,0.57365,0.6463,0.82548,0.4809,0.45513
U2-08,U6-14,紫の鬼火に包まれたドクロ,舌を出す白い幽霊,0.57361,0.83203,0.88187,0.78605,0.15198
U3-08,U6-03,葉でできた小鳥,青白い大ワシ,0.5736,0.68693,0.73126,0.64602,0.3887
U4-28,U5-13,結晶翼を持つ青紫ドラゴン,氷の毛と牙を持つイノシシ,0.57356,0.85363,0.84694,0.85985,0.11662
U1-21,U2-18,貝殻を背負った泡の生物,青結晶の殻を持つカタツムリ,0.57347,0.68943,0.86669,0.52573,0.38427
U4-09,G5-27,杖を持つ森の妖精女王,舞台ごと現れた夢劇場の王,0.57329,0.78023,0.88362,0.68478,0.23563
G1-17,G1-18,ハンドベルの生物,ハーモニカの生物,0.57318,0.67606,0.64971,0.7005,0.4053
U1-17,G4-29,火山岩のダンゴムシ,火山炉の城塞巨人,0.57295,0.78408,0.77236,0.79498,0.22848
U1-11,G5-09,氷の角を持つ白い小悪魔,氷宮の女帝,0.57293,0.84998,0.86716,0.8341,0.12092
U5-04,U6-25,トゲのある巨大サボテン獣,顔のある巨大樹,0.57286,0.80329,0.8041,0.80262,0.19689
U1-25,U2-30,骨が見える青いゾンビ魚,発光器を持つ青いチョウチンアンコウ,0.57281,0.77484,0.80489,0.7472,0.24318
U2-03,U6-19,苔むした丸岩ゴーレム,青い氷結晶ゴーレム,0.57277,0.62514,0.76946,0.49189,0.48731
U1-11,U3-24,氷の角を持つ白い小悪魔,氷をまとった青白いヒツジ,0.57273,0.83783,0.85871,0.81859,0.14019
U3-18,U5-14,芽が生えた切り株,一つ目の巨大樹人,0.57269,0.79677,0.7643,0.82682,0.20708
G4-16,G5-13,操り人形の王,生きた玉座に座る暴君,0.57263,0.7752,0.751,0.79758,0.24212
G4-03,G5-29,日食仮面の支配者,赤黒の宇宙操り人形皇帝,0.57262,0.79642,0.82297,0.77198,0.20747
U1-11,U1-18,氷の角を持つ白い小悪魔,提灯を持つ白い幽霊,0.5724,0.82087,0.86986,0.77564,0.167
U2-04,U2-27,氷結晶を抱く白ウサギ,氷をまとった白フクロウ,0.57238,0.87168,0.85688,0.8854,0.08405
U6-14,G4-04,舌を出す白い幽霊,嵐をまとう幽霊船,0.57227,0.76411,0.83095,0.70239,0.25926
G1-25,G3-05,砂時計の精,時計仕掛けのカニ,0.5722,0.72687,0.70761,0.74478,0.31983
U1-15,U6-16,薬瓶を運ぶ黒いカラス,雷をまとった青黄の鳥,0.57219,0.73065,0.81624,0.65169,0.31364
U1-20,U2-22,星をまとった黄色いスライム,星形の黄色い精,0.5721,0.85504,0.83255,0.87588,0.11045
U4-06,U5-24,溶岩でできた巨大ゴーレム,火山を背負った溶岩ガメ,0.57209,0.80067,0.75743,0.84067,0.19915
G4-26,G5-18,多数の王冠をまとう王,天空と大地をまとった地平の女王,0.57185,0.76853,0.88424,0.66161,0.25094
U4-28,U6-24,結晶翼を持つ青紫ドラゴン,水をまとった青い海竜,0.57182,0.75135,0.82066,0.68739,0.27889
U4-15,G3-20,結晶装甲の岩ゴーレム,郵便ポストゴーレム,0.57179,0.6264,0.8281,0.44013,0.48269
U4-05,U5-06,氷をまとった青いフェニックス,金青の装飾を持つ白い猛禽,0.57171,0.76544,0.85651,0.68128,0.25564
U1-11,U6-20,氷の角を持つ白い小悪魔,角を持つ白ウサギ,0.57171,0.82157,0.84582,0.79919,0.16405
U4-27,U5-22,歯車を内蔵した森のゴーレム,湿地をまとった巨大樹,0.57151,0.82857,0.79555,0.85912,0.1521
U4-30,U6-24,雲に乗る金色の天竜,水をまとった青い海竜,0.57147,0.74126,0.87602,0.61677,0.29445
U1-01,U3-21,葉を生やした青い水スライム,青い結晶を背負った水の生物,0.57147,0.78608,0.78178,0.79015,0.22132
G4-03,G5-05,日食仮面の支配者,冷静な蒼い嵐の皇帝,0.57134,0.78597,0.85557,0.72175,0.22114
G1-18,G2-21,ハーモニカの生物,サンゴ鐘の生物,0.57128,0.66016,0.67997,0.64193,0.42627
U2-29,G4-04,青いランタンを持つフード幽霊,嵐をまとう幽霊船,0.57117,0.79406,0.84443,0.7476,0.20751
U4-25,U6-24,雷をまとった青いオオカミ,水をまとった青い海竜,0.57116,0.81577,0.86028,0.77477,0.17207
G5-22,G5-29,多色の門を操る次元王,赤黒の宇宙操り人形皇帝,0.57112,0.79998,0.84029,0.76284,0.19771
U2-11,U6-03,魔女帽子をかぶった黒いカラス,青白い大ワシ,0.57108,0.73882,0.82399,0.66018,0.29741
U4-27,G4-25,歯車を内蔵した森のゴーレム,星空球を抱く巨像,0.57102,0.78373,0.83946,0.73231,0.22397
G4-26,G5-01,多数の王冠をまとう王,笑顔で手を差し伸べる白ひげ王,0.571,0.79372,0.85002,0.74175,0.2076
G3-02,G4-25,ティーポットゴーレム,星空球を抱く巨像,0.57097,0.74472,0.75478,0.73546,0.28747
U4-15,G4-25,結晶装甲の岩ゴーレム,星空球を抱く巨像,0.57092,0.76462,0.8295,0.7047,0.25488
U2-08,U3-14,紫の鬼火に包まれたドクロ,青い鬼火をまとった白い霊体,0.57081,0.80964,0.83511,0.78614,0.18113
U3-10,U4-08,青い鬼火をまとったガイコツ,鎌を持つ騎乗死神,0.57071,0.66621,0.75257,0.58644,0.41491
U6-29,G5-27,王冠と杖を持つ黒いリッチ王,舞台ごと現れた夢劇場の王,0.57068,0.83282,0.86531,0.80291,0.14297
U2-01,U4-01,葉を生やした緑のスライム,王冠とローブをまとったスライム王,0.57058,0.72705,0.87685,0.58881,0.31527
U2-21,U3-27,岩の体と赤いハサミを持つヤドカリ,苔むした小型岩ゴーレム,0.57054,0.79968,0.86205,0.74218,0.19666
U4-06,G4-29,溶岩でできた巨大ゴーレム,火山炉の城塞巨人,0.57051,0.81772,0.82577,0.81033,0.16717
U2-10,U4-06,太陽のような炎の精,溶岩でできた巨大ゴーレム,0.5704,0.78162,0.80552,0.75955,0.22579
G4-01,G4-06,大聖堂の鐘を宿す巨像,黒曜石の音楽箱獣,0.57039,0.85078,0.80824,0.89008,0.11292
G3-17,G4-14,城入りスノードームゴーレム,日時計の巨像,0.57037,0.76532,0.85227,0.6851,0.25231
G3-10,G4-14,道路標識ゴーレム,日時計の巨像,0.57028,0.72903,0.74321,0.71598,0.31125
U1-25,U4-23,骨が見える青いゾンビ魚,王冠と杖を持つリッチ王,0.57027,0.72406,0.72799,0.7205,0.31934
G5-10,G5-12,白毛の巨大獣王,仮面とカードを操る道化王,0.57018,0.76356,0.81451,0.71651,0.25466
U3-24,U4-28,氷をまとった青白いヒツジ,結晶翼を持つ青紫ドラゴン,0.57014,0.85241,0.87026,0.83598,0.10961
U6-14,G3-28,舌を出す白い幽霊,鏡の霊体,0.57013,0.75906,0.86464,0.66162,0.26186
U5-24,G4-29,火山を背負った溶岩ガメ,火山炉の城塞巨人,0.56992,0.78805,0.76554,0.8089,0.21402
U2-27,G2-07,氷をまとった白フクロウ,雪の結晶の子,0.56991,0.84133,0.8313,0.85064,0.12706
G2-19,G2-22,クルミ殻の精,松ぼっくりの精,0.56988,0.87458,0.92359,0.82941,0.07272
G4-18,G4-29,時計塔の怪物,火山炉の城塞巨人,0.56983,0.74247,0.71584,0.76711,0.28816
U5-17,U6-24,氷でできた青いドラゴン,水をまとった青い海竜,0.56966,0.7143,0.76994,0.66297,0.33366
U1-28,U3-14,氷結晶をまとった白フクロウ,青い鬼火をまとった白い霊体,0.56966,0.85176,0.83711,0.86532,0.10939
G4-08,G4-19,巨大ピアノと触手の魔物,巨大鐘のガーゴイル,0.56963,0.80824,0.80598,0.81035,0.18033
G5-01,G5-27,笑顔で手を差し伸べる白ひげ王,舞台ごと現れた夢劇場の王,0.56958,0.80756,0.84802,0.77021,0.1813
G5-10,G5-29,白毛の巨大獣王,赤黒の宇宙操り人形皇帝,0.56933,0.77724,0.85435,0.70605,0.23012
G3-17,G4-22,城入りスノードームゴーレム,遊園地を背負う巨像,0.5693,0.76821,0.79027,0.74786,0.24475
U2-29,G3-28,青いランタンを持つフード幽霊,鏡の霊体,0.56922,0.78964,0.85832,0.72633,0.20958
U4-06,G4-01,溶岩でできた巨大ゴーレム,大聖堂の鐘を宿す巨像,0.56912,0.80163,0.8833,0.72617,0.18977
U1-19,U2-19,泥をまとったカエル,葉をまとった小型獣,0.56898,0.81795,0.80416,0.83071,0.16277
U4-07,U5-17,泡をまとった青赤の海竜,氷でできた青いドラゴン,0.56877,0.7415,0.74426,0.73894,0.28695
U4-09,G5-13,杖を持つ森の妖精女王,生きた玉座に座る暴君,0.56871,0.78808,0.87612,0.70682,0.21078
G4-09,G4-11,隕石炉の巨人,摩天楼の巨人,0.56862,0.83027,0.84173,0.8197,0.14172
G2-15,G2-24,白いもちの生物,白い羽根の生物,0.56845,0.80142,0.79853,0.80411,0.18835
U3-29,U5-16,赤い子ドラゴン,砂をまとった金色の竜,0.56831,0.71307,0.71572,0.71066,0.33213
U6-19,G3-02,青い氷結晶ゴーレム,ティーポットゴーレム,0.56798,0.6234,0.71824,0.53582,0.47754
U1-09,U5-18,鉱石を掘るモグラ,紫結晶を背負ったモグラ,0.56797,0.79015,0.8583,0.7273,0.20546
U3-24,U4-07,氷をまとった青白いヒツジ,泡をまとった青赤の海竜,0.56793,0.82838,0.87901,0.78164,0.14298
G4-18,G5-16,時計塔の怪物,世界時計の機械神,0.56777,0.74415,0.67523,0.80781,0.28001
G3-13,G4-16,操り人形の格闘家,操り人形の王,0.56752,0.69369,0.6438,0.73978,0.36166
G1-24,G4-06,弁当箱ミミック,黒曜石の音楽箱獣,0.56743,0.71619,0.7833,0.65424,0.32471
U2-27,U4-02,氷をまとった白フクロウ,金青の装飾を持つ聖獣グリフォン,0.56738,0.74549,0.80027,0.6949,0.27677
G5-01,G5-07,笑顔で手を差し伸べる白ひげ王,黒紫の深淵魔王,0.56732,0.7733,0.86858,0.68527,0.23126
G4-01,G4-19,大聖堂の鐘を宿す巨像,巨大鐘のガーゴイル,0.56729,0.83783,0.7892,0.88277,0.12589
G4-03,G5-22,日食仮面の支配者,多色の門を操る次元王,0.56712,0.78605,0.81949,0.75526,0.20992
U5-15,G5-06,太鼓を持つキノコ旅人,巨大な鐘を持つ陽気な山の守護者,0.56705,0.82928,0.84661,0.81332,0.13921
U5-24,G4-09,火山を背負った溶岩ガメ,隕石炉の巨人,0.56699,0.74586,0.748,0.7439,0.27516
U3-10,U6-06,青い鬼火をまとったガイコツ,剣盾を持つガイコツ兵,0.56691,0.65192,0.66816,0.63693,0.42822
G1-26,G2-13,模様タイルの生物,塩入れの生物,0.56686,0.81831,0.82184,0.8151,0.1566
U3-04,U6-14,炎を灯したロウソク幽霊,舌を出す白い幽霊,0.56685,0.70165,0.80472,0.60643,0.34692
U4-23,G5-07,王冠と杖を持つリッチ王,黒紫の深淵魔王,0.56679,0.79716,0.79645,0.79786,0.19092
U4-09,U5-30,杖を持つ森の妖精女王,王冠とローブの黄金スライム王,0.56657,0.80108,0.88157,0.72681,0.18396
U3-08,U4-02,葉でできた小鳥,金青の装飾を持つ聖獣グリフォン,0.56651,0.73507,0.76592,0.70659,0.29149
U5-16,U6-24,砂をまとった金色の竜,水をまとった青い海竜,0.56637,0.66451,0.76559,0.57119,0.40623
U1-18,U3-19,提灯を持つ白い幽霊,巻角を持つ白い子ヒツジ,0.56637,0.79758,0.86954,0.7311,0.18914
U4-09,G5-05,杖を持つ森の妖精女王,冷静な蒼い嵐の皇帝,0.56634,0.77112,0.88491,0.66609,0.23222
G1-12,G1-17,長靴の生物,ハンドベルの生物,0.56622,0.82125,0.78774,0.85228,0.15012
G4-03,G5-13,日食仮面の支配者,生きた玉座に座る暴君,0.56621,0.79049,0.8464,0.73893,0.20027
U4-14,U6-14,青い鬼火をまとう九尾の白狐,舌を出す白い幽霊,0.56615,0.81803,0.83375,0.80358,0.15519
U1-20,U6-01,星をまとった黄色いスライム,笑顔の青いスライム,0.56614,0.56403,0.85067,0.29931,0.5696
U2-27,U5-10,氷をまとった白フクロウ,炎をまとった黒い鳥,0.56607,0.6468,0.84379,0.46483,0.43434
G5-01,G5-03,笑顔で手を差し伸べる白ひげ王,月を背負う優雅な女王,0.56606,0.78275,0.84633,0.72409,0.21252
U1-28,U3-08,氷結晶をまとった白フクロウ,葉でできた小鳥,0.5659,0.70023,0.83748,0.57342,0.34672
U1-30,U4-05,泡をまとった青い子ドラゴン,氷をまとった青いフェニックス,0.56573,0.82868,0.83013,0.82743,0.1367
U6-12,G3-26,青いオオカミ,時計仕掛けのキツネ,0.56568,0.65418,0.7774,0.54042,0.42128
U1-03,U2-18,青い結晶を背負った甲虫,青結晶の殻を持つカタツムリ,0.56568,0.84114,0.86795,0.81646,0.11626
G3-30,G5-16,機械仕掛けの巨大方位磁針,世界時計の機械神,0.56567,0.69662,0.65554,0.73463,0.35203
U6-29,G4-26,王冠と杖を持つ黒いリッチ王,多数の王冠をまとう王,0.56563,0.80285,0.83648,0.77187,0.17859
G4-03,G5-10,日食仮面の支配者,白毛の巨大獣王,0.56548,0.76231,0.8742,0.65902,0.24433
U1-20,U4-01,星をまとった黄色いスライム,王冠とローブをまとったスライム王,0.56546,0.6785,0.8787,0.49362,0.38102
U6-29,G4-17,王冠と杖を持つ黒いリッチ王,ルーレット魔王,0.56546,0.7992,0.84552,0.75649,0.18409
G3-10,G4-22,道路標識ゴーレム,遊園地を背負う巨像,0.56525,0.72663,0.71098,0.74112,0.30194
U1-27,U3-03,鍵を持つ緑のゴブリン,葉の杖を持つ緑の小妖精,0.5652,0.78309,0.77752,0.78834,0.2097
U4-03,U6-02,黒紫の大型ドラゴン,緑の翼竜,0.56513,0.67181,0.83279,0.52316,0.39108
U3-28,U4-01,葉のふたを持つ緑の壺スライム,王冠とローブをまとったスライム王,0.56512,0.73076,0.88322,0.59007,0.29486
U4-16,G3-21,金青の大型昆虫戦士,ケーキ騎士,0.56509,0.75618,0.79263,0.72261,0.25333
U1-28,U4-02,氷結晶をまとった白フクロウ,金青の装飾を持つ聖獣グリフォン,0.56482,0.75052,0.81329,0.69255,0.26184
U1-08,U5-26,青い鬼火をまとった小さなガイコツ,楽器を弾く魔法使いガイコツ,0.56475,0.65898,0.75938,0.56622,0.411
U4-14,U5-20,青い鬼火をまとう九尾の白狐,紫炎をまとった影オオカミ,0.56466,0.69294,0.7657,0.6257,0.35536
G1-12,G1-14,長靴の生物,方位磁針の生物,0.56458,0.82609,0.81446,0.8369,0.13792
U1-17,U4-06,火山岩のダンゴムシ,溶岩でできた巨大ゴーレム,0.56443,0.78608,0.80693,0.76692,0.20279
U1-13,U2-09,サボテンを背負った小型恐竜,葉を背負った小さなカメ,0.56443,0.82993,0.85575,0.80618,0.13125
U1-13,U3-29,サボテンを背負った小型恐竜,赤い子ドラゴン,0.56442,0.77981,0.85075,0.71439,0.21299
U2-10,U5-24,太陽のような炎の精,火山を背負った溶岩ガメ,0.56438,0.75142,0.78921,0.71651,0.25922
G1-12,G2-26,長靴の生物,信号機の生物,0.56438,0.7738,0.80279,0.74712,0.22269
U1-03,U1-28,青い結晶を背負った甲虫,氷結晶をまとった白フクロウ,0.56419,0.81054,0.86366,0.76157,0.16226
U4-09,U6-29,杖を持つ森の妖精女王,王冠と杖を持つ黒いリッチ王,0.56414,0.76179,0.88101,0.65172,0.24168
U4-27,G4-22,歯車を内蔵した森のゴーレム,遊園地を背負う巨像,0.56402,0.77664,0.77682,0.7765,0.21712
U6-19,G3-10,青い氷結晶ゴーレム,道路標識ゴーレム,0.56389,0.59238,0.73462,0.46104,0.51739
U4-03,U6-24,黒紫の大型ドラゴン,水をまとった青い海竜,0.56347,0.70681,0.85547,0.56955,0.32959
U1-30,U3-24,泡をまとった青い子ドラゴン,氷をまとった青白いヒツジ,0.56342,0.82981,0.84124,0.81936,0.12877
U1-25,U5-26,骨が見える青いゾンビ魚,楽器を弾く魔法使いガイコツ,0.5634,0.71837,0.82173,0.62297,0.31054
U1-25,U6-06,骨が見える青いゾンビ魚,剣盾を持つガイコツ兵,0.56335,0.70191,0.7484,0.65902,0.33727
U3-15,U5-21,巻貝を背負った小さなヤドカリ,青金の装甲を持つ巻貝昆虫,0.56326,0.75369,0.81586,0.69635,0.25256
G5-08,G5-12,紅い外套と剣の覇王,仮面とカードを操る道化王,0.56295,0.77123,0.79366,0.75059,0.22311
U2-18,U5-13,青結晶の殻を持つカタツムリ,氷の毛と牙を持つイノシシ,0.5628,0.84446,0.84861,0.84071,0.10324
U4-25,U5-07,雷をまとった青いオオカミ,泡をまとった青赤の海竜,0.56276,0.83551,0.85748,0.81531,0.11773
U3-24,G5-09,氷をまとった青白いヒツジ,氷宮の女帝,0.56274,0.833,0.84483,0.82207,0.12179
U1-28,G5-09,氷結晶をまとった白フクロウ,氷宮の女帝,0.5627,0.84701,0.87237,0.82358,0.09882
U2-04,U3-09,氷結晶を抱く白ウサギ,花を付けた葉のウサギ,0.56267,0.64695,0.79314,0.51191,0.42516
G2-13,G2-24,塩入れの生物,白い羽根の生物,0.56267,0.80256,0.75841,0.84338,0.17128
U2-15,U3-03,葉と角を持つ緑の子ドラゴン,葉の杖を持つ緑の小妖精,0.56248,0.80742,0.79399,0.81992,0.16284
U1-20,U5-01,星をまとった黄色いスライム,泡を出す青いスライム,0.56239,0.55517,0.82479,0.30619,0.57416
U5-17,U5-27,氷でできた青いドラゴン,二つ首の青赤海竜,0.56226,0.7421,0.7596,0.72597,0.26885
U4-15,U4-28,結晶装甲の岩ゴーレム,結晶翼を持つ青紫ドラゴン,0.56223,0.84029,0.86352,0.81884,0.10855
U5-24,U6-11,火山を背負った溶岩ガメ,人型の炎エレメント,0.56217,0.76966,0.79231,0.74875,0.22364
U2-13,U3-24,水をまとった青いカワウソ,氷をまとった青白いヒツジ,0.56213,0.81205,0.80901,0.81494,0.15437
U2-27,U3-14,氷をまとった白フクロウ,青い鬼火をまとった白い霊体,0.56209,0.83574,0.80803,0.86139,0.11562
G1-26,G1-28,模様タイルの生物,ソープボトルの生物,0.56198,0.75799,0.79298,0.72568,0.24216
G4-06,G4-24,黒曜石の音楽箱獣,大地を揺らす太鼓巨人,0.56189,0.80993,0.75727,0.85861,0.1572
U1-18,U4-14,提灯を持つ白い幽霊,青い鬼火をまとう九尾の白狐,0.56186,0.81224,0.83481,0.79145,0.15335
U4-18,G5-05,水と蓮に包まれた女王,冷静な蒼い嵐の皇帝,0.56154,0.76973,0.86775,0.67921,0.22187
U3-21,U5-18,青い結晶を背負った水の生物,紫結晶を背負ったモグラ,0.56153,0.67939,0.83673,0.53407,0.36925
U2-07,U4-16,青い羽のハチ妖精,金青の大型昆虫戦士,0.56148,0.75142,0.82438,0.68413,0.25157
U4-09,G5-02,杖を持つ森の妖精女王,光の小精霊に囲まれた陽気な黄金王,0.56144,0.77677,0.84044,0.718,0.21012
U2-13,U4-21,水をまとった青いカワウソ,金装甲をまとった青い海竜,0.56137,0.77574,0.82738,0.72814,0.2116
G3-02,G4-22,ティーポットゴーレム,遊園地を背負う巨像,0.56134,0.73458,0.70707,0.75998,0.27869
G1-12,G2-28,長靴の生物,ゴム印の生物,0.56111,0.76771,0.81743,0.72185,0.22402
U3-24,U4-15,氷をまとった青白いヒツジ,結晶装甲の岩ゴーレム,0.56103,0.83434,0.8799,0.79229,0.11508
U2-29,U3-30,青いランタンを持つフード幽霊,ランタンを持つ紫の魔法ネコ,0.5608,0.73272,0.83801,0.63559,0.28029
G4-10,G4-23,鏡の迷宮騎士,月望遠鏡の魔導士,0.56069,0.82114,0.82203,0.82041,0.13575
U5-13,G5-09,氷の毛と牙を持つイノシシ,氷宮の女帝,0.56069,0.83665,0.85192,0.82256,0.11045
U5-10,U6-03,炎をまとった黒い鳥,青白い大ワシ,0.56063,0.66557,0.75111,0.58661,0.38942
U4-02,U4-22,金青の装飾を持つ聖獣グリフォン,巨大な炎のフェニックス,0.56061,0.75249,0.91242,0.6048,0.24753
U4-16,U5-21,金青の大型昆虫戦士,青金の装甲を持つ巻貝昆虫,0.56056,0.78763,0.83982,0.73952,0.19007
U4-16,U6-07,金青の大型昆虫戦士,青い重装騎士,0.56041,0.75858,0.81849,0.70338,0.23709
U2-21,U4-06,岩の体と赤いハサミを持つヤドカリ,溶岩でできた巨大ゴーレム,0.56035,0.79427,0.81193,0.77806,0.17869
U1-03,U5-13,青い結晶を背負った甲虫,氷の毛と牙を持つイノシシ,0.56019,0.82614,0.85547,0.7991,0.12626
U4-30,U5-07,雲に乗る金色の天竜,泡をまとった青赤の海竜,0.56014,0.73458,0.85447,0.62383,0.27552
U1-03,U4-15,青い結晶を背負った甲虫,結晶装甲の岩ゴーレム,0.5601,0.81888,0.8481,0.79193,0.13788
G5-01,G5-08,笑顔で手を差し伸べる白ひげ王,紅い外套と剣の覇王,0.56008,0.77848,0.86545,0.69817,0.20375
U5-27,U6-02,二つ首の青赤海竜,緑の翼竜,0.56006,0.67768,0.8063,0.55893,0.36816
G3-20,G4-14,郵便ポストゴーレム,日時計の巨像,0.55994,0.72027,0.81998,0.62817,0.29834
G5-08,G5-10,紅い外套と剣の覇王,白毛の巨大獣王,0.55988,0.73072,0.89375,0.58014,0.28115
U1-28,U2-18,氷結晶をまとった白フクロウ,青結晶の殻を持つカタツムリ,0.55988,0.85092,0.85651,0.84584,0.08504
G4-01,G4-24,大聖堂の鐘を宿す巨像,大地を揺らす太鼓巨人,0.55981,0.83,0.80026,0.85751,0.11897
G3-14,G3-24,レコード円盤戦士,チェスのルーク騎士,0.55979,0.74674,0.77897,0.71707,0.25477
U1-17,U2-10,火山岩のダンゴムシ,太陽のような炎の精,0.55976,0.72459,0.76952,0.6831,0.29082
U4-21,U5-16,金装甲をまとった青い海竜,砂をまとった金色の竜,0.55975,0.67931,0.81437,0.55462,0.36468
U5-30,G5-01,王冠とローブの黄金スライム王,笑顔で手を差し伸べる白ひげ王,0.55975,0.81649,0.86729,0.76963,0.14085
U2-03,G4-22,苔むした丸岩ゴーレム,遊園地を背負う巨像,0.55972,0.72848,0.77004,0.69011,0.28438
U2-18,U3-24,青結晶の殻を持つカタツムリ,氷をまとった青白いヒツジ,0.55959,0.84309,0.85326,0.8338,0.09704
G1-14,G2-18,方位磁針の生物,チーズ片の生物,0.55955,0.83845,0.86572,0.8133,0.1045
U3-21,U4-01,青い結晶を背負った水の生物,王冠とローブをまとったスライム王,0.55942,0.78922,0.80442,0.77529,0.18446
U4-03,U4-21,黒紫の大型ドラゴン,金装甲をまとった青い海竜,0.55931,0.72077,0.89557,0.55931,0.29587
U4-05,U5-17,氷をまとった青いフェニックス,氷でできた青いドラゴン,0.55919,0.83496,0.80069,0.86667,0.10924
U1-28,U3-21,氷結晶をまとった白フクロウ,青い結晶を背負った水の生物,0.55918,0.81681,0.82071,0.81328,0.13884
U6-30,G5-13,王冠と口ひげの黄金スライム王,生きた玉座に座る暴君,0.55917,0.81047,0.85218,0.772,0.14917
G5-01,G5-29,笑顔で手を差し伸べる白ひげ王,赤黒の宇宙操り人形皇帝,0.55915,0.79964,0.83828,0.76396,0.16677
U1-01,U2-20,葉を生やした青い水スライム,泡を出す青いしずくスライム,0.55911,0.64711,0.59389,0.6964,0.41554
U1-14,U1-18,紫炎でできた一つ目の霊体,提灯を持つ白い幽霊,0.5591,0.77604,0.84836,0.70925,0.20515
G5-18,G5-24,天空と大地をまとった地平の女王,巨大な無限方位盤の神,0.55906,0.9017,0.90704,0.89681,0.0
U2-08,G3-28,紫の鬼火に包まれたドクロ,鏡の霊体,0.55901,0.75142,0.87137,0.64061,0.24507
G3-10,G4-01,道路標識ゴーレム,大聖堂の鐘を宿す巨像,0.559,0.76171,0.76544,0.7583,0.22827
U4-10,U6-24,金色の大型ドラゴン,水をまとった青い海竜,0.5588,0.69928,0.81981,0.58799,0.32959
U6-24,G4-20,水をまとった青い海竜,嵐の凧をまとう竜形機械,0.55879,0.75222,0.78654,0.72054,0.24318
U6-06,G3-24,剣盾を持つガイコツ兵,チェスのルーク騎士,0.55874,0.80603,0.79245,0.81867,0.15526
G5-01,G5-05,笑顔で手を差し伸べる白ひげ王,冷静な蒼い嵐の皇帝,0.55869,0.79217,0.85204,0.73693,0.17776
G4-26,G5-05,多数の王冠をまとう王,冷静な蒼い嵐の皇帝,0.55849,0.76659,0.84575,0.69354,0.21895
G3-02,G4-01,ティーポットゴーレム,大聖堂の鐘を宿す巨像,0.55848,0.77164,0.80542,0.74048,0.21069
U4-28,G2-07,結晶翼を持つ青紫ドラゴン,雪の結晶の子,0.55846,0.80558,0.77362,0.83515,0.15526
U4-09,U6-30,杖を持つ森の妖精女王,王冠と口ひげの黄金スライム王,0.55842,0.78918,0.87997,0.70542,0.18191
U4-01,G5-09,王冠とローブをまとったスライム王,氷宮の女帝,0.55829,0.80026,0.85254,0.75199,0.16349
G4-17,G5-03,ルーレット魔王,月を背負う優雅な女王,0.55826,0.72001,0.81019,0.63666,0.29433
G2-07,G5-09,雪の結晶の子,氷宮の女帝,0.55821,0.80244,0.78715,0.81657,0.15974
U2-08,U6-29,紫の鬼火に包まれたドクロ,王冠と杖を持つ黒いリッチ王,0.55815,0.72764,0.86718,0.59871,0.28161
G5-05,G5-27,冷静な蒼い嵐の皇帝,舞台ごと現れた夢劇場の王,0.55808,0.78294,0.82895,0.7405,0.19121
G5-03,G5-07,月を背負う優雅な女王,黒紫の深淵魔王,0.55803,0.72133,0.84557,0.6065,0.2916
U4-03,U5-27,黒紫の大型ドラゴン,二つ首の青赤海竜,0.55785,0.71361,0.85129,0.58643,0.30371
G4-30,G5-06,異次元門の守護者,巨大な鐘を持つ陽気な山の守護者,0.5578,0.75338,0.89348,0.62403,0.2387
U1-02,U6-29,頭に火が灯る小さなゾンビ,王冠と杖を持つ黒いリッチ王,0.55772,0.71249,0.77159,0.65796,0.30519
G5-07,G5-18,黒紫の深淵魔王,天空と大地をまとった地平の女王,0.55771,0.74318,0.86727,0.62848,0.2551
U5-30,G5-13,王冠とローブの黄金スライム王,生きた玉座に座る暴君,0.5577,0.80706,0.85999,0.7582,0.15086
U4-09,G5-08,杖を持つ森の妖精女王,紅い外套と剣の覇王,0.55766,0.73715,0.83665,0.6453,0.26481
G4-06,G4-08,黒曜石の音楽箱獣,巨大ピアノと触手の魔物,0.55759,0.80651,0.82245,0.79181,0.15147
G3-01,G3-23,アコーディオン装甲の獣,ヤカン装甲のゾウ,0.55744,0.77811,0.7902,0.76706,0.19741
U5-08,G3-06,盾と槍を持つカカシ騎士,傘槍の戦士,0.55727,0.69369,0.71527,0.67384,0.33467
G1-14,G2-15,方位磁針の生物,白いもちの生物,0.55719,0.83335,0.89333,0.77792,0.10661
G4-07,G5-29,磁器の女王,赤黒の宇宙操り人形皇帝,0.55717,0.73002,0.77794,0.68574,0.27514
G4-07,G5-27,磁器の女王,舞台ごと現れた夢劇場の王,0.55703,0.71605,0.76724,0.66877,0.29757
U2-11,U2-23,魔女帽子をかぶった黒いカラス,青白いグリフォン,0.55695,0.72804,0.82269,0.64069,0.27779
U1-25,U3-10,骨が見える青いゾンビ魚,青い鬼火をまとったガイコツ,0.55691,0.70619,0.71313,0.69986,0.31334
G4-17,G5-05,ルーレット魔王,冷静な蒼い嵐の皇帝,0.55687,0.74729,0.80045,0.69822,0.24619
U6-29,G5-22,王冠と杖を持つ黒いリッチ王,多色の門を操る次元王,0.55668,0.8013,0.81423,0.78944,0.15757
U6-29,G4-16,王冠と杖を持つ黒いリッチ王,操り人形の王,0.55662,0.77525,0.7925,0.75937,0.19991
U1-08,U4-23,青い鬼火をまとった小さなガイコツ,王冠と杖を持つリッチ王,0.5566,0.69051,0.73058,0.6535,0.3381
G1-25,G4-02,砂時計の精,時計仕掛けの宮殿巨人,0.55658,0.712,0.71971,0.70487,0.30301
U4-03,G4-20,黒紫の大型ドラゴン,嵐の凧をまとう竜形機械,0.5565,0.7347,0.74142,0.72853,0.26574
G5-03,G5-22,月を背負う優雅な女王,多色の門を操る次元王,0.55649,0.74315,0.78672,0.7029,0.25194
G1-19,G2-24,消しゴムの生物,白い羽根の生物,0.55632,0.80344,0.84577,0.76432,0.15312
U2-18,U5-21,青結晶の殻を持つカタツムリ,青金の装甲を持つ巻貝昆虫,0.55625,0.68327,0.81652,0.56025,0.349
U5-18,G4-28,紫結晶を背負ったモグラ,虹結晶の大聖堂,0.55625,0.81654,0.82667,0.80725,0.13156
U3-21,U3-24,青い結晶を背負った水の生物,氷をまとった青白いヒツジ,0.55622,0.81984,0.81082,0.82825,0.12611
U1-20,U3-01,星をまとった黄色いスライム,泡を出す青いスライム,0.55616,0.54513,0.82844,0.28352,0.57416
U6-06,G4-10,剣盾を持つガイコツ兵,鏡の迷宮騎士,0.55605,0.79628,0.80084,0.79217,0.16411
U2-11,U3-16,魔女帽子をかぶった黒いカラス,炎をまとった黒い小鳥,0.55596,0.66294,0.82591,0.51246,0.38141
U4-22,U6-16,巨大な炎のフェニックス,雷をまとった青黄の鳥,0.55592,0.70629,0.8504,0.57331,0.31058
U2-27,G5-09,氷をまとった白フクロウ,氷宮の女帝,0.55589,0.83897,0.86577,0.81421,0.09401
U3-18,U5-22,芽が生えた切り株,湿地をまとった巨大樹,0.55579,0.77,0.70222,0.83263,0.20629
U3-18,U4-27,芽が生えた切り株,歯車を内蔵した森のゴーレム,0.55568,0.80932,0.80563,0.8128,0.14186
U4-06,G4-14,溶岩でできた巨大ゴーレム,日時計の巨像,0.55561,0.73754,0.78333,0.69524,0.25877
U2-27,U5-13,氷をまとった白フクロウ,氷の毛と牙を持つイノシシ,0.55558,0.84225,0.86176,0.8243,0.08785
U2-21,U6-09,岩の体と赤いハサミを持つヤドカリ,苔むした岩ゴーレム,0.55556,0.76566,0.84822,0.68946,0.21275
U6-19,G2-07,青い氷結晶ゴーレム,雪の結晶の子,0.55547,0.79327,0.77099,0.81387,0.16749
U1-11,U4-28,氷の角を持つ白い小悪魔,結晶翼を持つ青紫ドラゴン,0.55526,0.81734,0.81874,0.81609,0.12766
U4-23,G5-22,王冠と杖を持つリッチ王,多色の門を操る次元王,0.55505,0.79414,0.76857,0.81783,0.16496
U4-07,U4-25,泡をまとった青赤の海竜,雷をまとった青いオオカミ,0.55477,0.82263,0.86643,0.78225,0.11773
G2-17,G2-19,マント付きパンケーキ,クルミ殻の精,0.55468,0.89465,0.9242,0.86742,0.0
U3-15,G3-05,巻貝を背負った小さなヤドカリ,時計仕掛けのカニ,0.55453,0.68401,0.72867,0.64288,0.34326
G4-02,G5-17,時計仕掛けの宮殿巨人,紫光を放つ星雲大聖堂,0.55449,0.6975,0.70482,0.69072,0.32116
U2-04,U3-24,氷結晶を抱く白ウサギ,氷をまとった青白いヒツジ,0.55434,0.82737,0.81933,0.83485,0.10888
U2-15,U5-16,葉と角を持つ緑の子ドラゴン,砂をまとった金色の竜,0.55433,0.72772,0.78347,0.67627,0.27145
U4-15,G4-28,結晶装甲の岩ゴーレム,虹結晶の大聖堂,0.55425,0.8263,0.91651,0.74298,0.11039
U1-11,U2-04,氷の角を持つ白い小悪魔,氷結晶を抱く白ウサギ,0.55423,0.82767,0.83526,0.82071,0.1081
U4-09,G5-29,杖を持つ森の妖精女王,赤黒の宇宙操り人形皇帝,0.55422,0.76037,0.8525,0.67531,0.21787
U6-07,G3-14,青い重装騎士,レコード円盤戦士,0.55407,0.70688,0.74889,0.66821,0.30477
G1-19,G2-15,消しゴムの生物,白いもちの生物,0.55368,0.79963,0.85398,0.74947,0.15239
U2-13,U4-07,水をまとった青いカワウソ,泡をまとった青赤の海竜,0.55366,0.79414,0.80818,0.78125,0.16128
U2-21,G3-20,岩の体と赤いハサミを持つヤドカリ,郵便ポストゴーレム,0.55361,0.76666,0.79517,0.74048,0.20601
U4-09,U6-27,杖を持つ森の妖精女王,緑羽の妖精,0.55361,0.81301,0.8479,0.78079,0.13039
U1-11,G1-02,氷の角を持つ白い小悪魔,指ぬき帽子の小悪魔,0.55357,0.77825,0.86522,0.69788,0.187
G1-19,G2-13,消しゴムの生物,塩入れの生物,0.55352,0.78957,0.82832,0.7538,0.16838
U4-03,U5-17,黒紫の大型ドラゴン,氷でできた青いドラゴン,0.55347,0.59898,0.79701,0.416,0.47921
G4-03,G4-07,日食仮面の支配者,磁器の女王,0.55321,0.71282,0.82797,0.60643,0.2928
U4-10,U4-21,金色の大型ドラゴン,金装甲をまとった青い海竜,0.55315,0.71083,0.8553,0.57746,0.29587
U1-15,U5-10,薬瓶を運ぶ黒いカラス,炎をまとった黒い鳥,0.55293,0.67781,0.82702,0.54013,0.34917
U3-21,U6-19,青い結晶を背負った水の生物,青い氷結晶ゴーレム,0.55286,0.77856,0.72048,0.83227,0.18461
U4-05,U4-28,氷をまとった青いフェニックス,結晶翼を持つ青紫ドラゴン,0.55285,0.83954,0.83836,0.84066,0.08509
U6-19,G3-20,青い氷結晶ゴーレム,郵便ポストゴーレム,0.55275,0.58758,0.82556,0.36781,0.49592
U3-24,U4-21,氷をまとった青白いヒツジ,金装甲をまとった青い海竜,0.55269,0.80736,0.89809,0.72365,0.13717
G1-14,G2-13,方位磁針の生物,塩入れの生物,0.5526,0.81909,0.87195,0.77026,0.11779
U3-24,U5-17,氷をまとった青白いヒツジ,氷でできた青いドラゴン,0.55245,0.81962,0.80429,0.83384,0.11655
U2-10,G4-09,太陽のような炎の精,隕石炉の巨人,0.55244,0.68476,0.80925,0.5697,0.33654
U1-03,U2-04,青い結晶を背負った甲虫,氷結晶を抱く白ウサギ,0.55227,0.78832,0.83796,0.74253,0.16713
U3-08,U4-22,葉でできた小鳥,巨大な炎のフェニックス,0.55187,0.68922,0.71384,0.66659,0.32778
U4-30,U5-27,雲に乗る金色の天竜,二つ首の青赤海竜,0.55184,0.72376,0.88421,0.57554,0.27133
U4-10,U5-17,金色の大型ドラゴン,氷でできた青いドラゴン,0.55179,0.59628,0.82052,0.38915,0.47921
U4-28,G5-09,結晶翼を持つ青紫ドラゴン,氷宮の女帝,0.55167,0.8246,0.81512,0.83337,0.10637
U1-15,U1-28,薬瓶を運ぶ黒いカラス,氷結晶をまとった白フクロウ,0.55159,0.70741,0.86544,0.56147,0.29735
G2-13,G2-29,塩入れの生物,虹色ビー玉の生物,0.55149,0.79556,0.83552,0.7587,0.15327
U2-15,U3-28,葉と角を持つ緑の子ドラゴン,葉のふたを持つ緑の壺スライム,0.55148,0.81466,0.85695,0.77573,0.1221
U1-03,U4-05,青い結晶を背負った甲虫,氷をまとった青いフェニックス,0.55146,0.81438,0.8189,0.81024,0.12249
U4-15,G4-14,結晶装甲の岩ゴーレム,日時計の巨像,0.55126,0.71408,0.85573,0.58326,0.28562
G5-01,G5-13,笑顔で手を差し伸べる白ひげ王,生きた玉座に座る暴君,0.55115,0.79029,0.8604,0.72557,0.16098
U2-10,G4-29,太陽のような炎の精,火山炉の城塞巨人,0.55108,0.7419,0.81963,0.67005,0.23974
G1-09,G3-26,懐中時計の子,時計仕掛けのキツネ,0.55107,0.72652,0.72691,0.72631,0.26481
U4-04,U4-24,宝珠を抱く巨大な古代樹,巨大化した食虫植物,0.55098,0.88227,0.91666,0.85061,0.01045
U1-19,U5-22,泥をまとったカエル,湿地をまとった巨大樹,0.55093,0.81286,0.831,0.79611,0.12358
U4-12,G3-06,白翼の聖騎士,傘槍の戦士,0.55079,0.63455,0.73228,0.54428,0.41414
G5-08,G5-22,紅い外套と剣の覇王,多色の門を操る次元王,0.55064,0.74009,0.83624,0.65138,0.24155
G3-30,G4-14,機械仕掛けの巨大方位磁針,日時計の巨像,0.55061,0.68539,0.63549,0.73152,0.33071
G1-12,G2-15,長靴の生物,白いもちの生物,0.55031,0.76526,0.86602,0.67223,0.19959
U3-05,U4-13,どんぐりを背負ったクモ,火山を背負った溶岩ガメ,0.55015,0.826,0.83749,0.81549,0.10007
U1-11,U2-18,氷の角を持つ白い小悪魔,青結晶の殻を持つカタツムリ,0.55009,0.81797,0.83379,0.80339,0.11302
U4-06,U6-11,溶岩でできた巨大ゴーレム,人型の炎エレメント,0.55007,0.77132,0.75854,0.78315,0.18908
U2-18,U4-28,青結晶の殻を持つカタツムリ,結晶翼を持つ青紫ドラゴン,0.55007,0.82302,0.82215,0.82388,0.10474
U1-05,U2-27,雲の体を持つクラゲ,氷をまとった白フクロウ,0.54996,0.88702,0.88417,0.88971,0.0
G4-12,G5-19,黒穴を操る魔導士,渦巻く黒穴の主,0.54892,0.85557,0.87367,0.83894,0.04861
U2-09,U5-04,葉を背負った小さなカメ,トゲのある巨大サボテン獣,0.54886,0.88015,0.92694,0.83703,0.00835
G4-09,G4-24,隕石炉の巨人,大地を揺らす太鼓巨人,0.54822,0.84596,0.83595,0.85528,0.06243
U4-04,G5-06,宝珠を抱く巨大な古代樹,巨大な鐘を持つ陽気な山の守護者,0.54744,0.85636,0.89378,0.82186,0.04341
G4-25,G4-27,星空球を抱く巨像,宇宙方位磁針の巨人,0.54555,0.87993,0.87589,0.88372,0.0
U4-04,U5-04,宝珠を抱く巨大な古代樹,トゲのある巨大サボテン獣,0.54538,0.87449,0.89051,0.85977,0.0084
G5-03,G5-24,月を背負う優雅な女王,巨大な無限方位盤の神,0.54536,0.87961,0.8879,0.87199,0.0
G5-10,G5-17,白毛の巨大獣王,紫光を放つ星雲大聖堂,0.54534,0.87959,0.91051,0.85108,0.0
U6-04,G2-19,炎のたてがみを持つイノシシ,クルミ殻の精,0.54532,0.87955,0.90775,0.85354,0.0
G2-19,G3-04,クルミ殻の精,洋服ダンスミミック,0.54507,0.87914,0.89273,0.86664,0.0
U1-28,U4-18,氷結晶をまとった白フクロウ,水と蓮に包まれた女王,0.54449,0.87821,0.90388,0.85456,0.0
U4-18,U6-01,水と蓮に包まれた女王,笑顔の青いスライム,0.5439,0.87725,0.86729,0.8865,0.0
U1-27,G5-06,鍵を持つ緑のゴブリン,巨大な鐘を持つ陽気な山の守護者,0.54373,0.86345,0.90235,0.82758,0.02207
U5-08,U5-26,盾と槍を持つカカシ騎士,楽器を弾く魔法使いガイコツ,0.54351,0.87663,0.8743,0.87883,0.0
G5-16,G5-28,世界時計の機械神,天球環を背負う機械巨神,0.54314,0.85078,0.81646,0.88253,0.04121
U2-10,G2-04,太陽のような炎の精,太陽光の綿毛,0.54284,0.85384,0.83432,0.87191,0.03543
U6-22,G3-01,黒赤装甲の巨大カニ,アコーディオン装甲の獣,0.54158,0.83705,0.85016,0.82505,0.05948
G5-21,G5-30,虹を織る現実の織姫,六つの光輪を持つ世界封印の守護者,0.54121,0.87291,0.90415,0.84411,0.0
G1-15,G1-26,サイコロの子,模様タイルの生物,0.54093,0.87247,0.93132,0.81813,0.0
U1-08,U3-24,青い鬼火をまとった小さなガイコツ,氷をまとった青白いヒツジ,0.54071,0.83622,0.82613,0.8456,0.05856
U4-06,U6-30,溶岩でできた巨大ゴーレム,王冠と口ひげの黄金スライム王,0.54068,0.86469,0.88876,0.84251,0.01204
U4-10,G5-06,金色の大型ドラゴン,巨大な鐘を持つ陽気な山の守護者,0.54064,0.872,0.87533,0.86897,0.0
U1-13,U6-30,サボテンを背負った小型恐竜,王冠と口ひげの黄金スライム王,0.54044,0.87167,0.91813,0.82886,0.0
U6-15,G3-01,甲羅装甲の緑カメ,アコーディオン装甲の獣,0.54034,0.83322,0.8501,0.81772,0.06248
U6-17,G2-17,赤傘のキノコ,マント付きパンケーキ,0.54001,0.87098,0.89061,0.85291,0.0
U1-28,U4-01,氷結晶をまとった白フクロウ,王冠とローブをまとったスライム王,0.53999,0.84292,0.9103,0.78079,0.04575
U5-24,G2-19,火山を背負った溶岩ガメ,クルミ殻の精,0.53999,0.86368,0.86636,0.86125,0.01188
G4-27,G5-10,宇宙方位磁針の巨人,白毛の巨大獣王,0.53998,0.86052,0.89326,0.8303,0.01699
G5-21,G5-24,虹を織る現実の織姫,巨大な無限方位盤の神,0.53986,0.87075,0.90054,0.84327,0.0
U4-01,U4-21,王冠とローブをまとったスライム王,金装甲をまとった青い海竜,0.53972,0.83203,0.87146,0.79568,0.0628
U6-17,G2-19,赤傘のキノコ,クルミ殻の精,0.53967,0.87044,0.92864,0.81675,0.0
G4-24,G4-29,大地を揺らす太鼓巨人,火山炉の城塞巨人,0.53857,0.84279,0.86099,0.82605,0.04222
G2-17,G5-06,マント付きパンケーキ,巨大な鐘を持つ陽気な山の守護者,0.53803,0.8678,0.90325,0.83508,0.0
G5-18,G5-23,天空と大地をまとった地平の女王,巻物柱を持つ天上の記録者,0.53777,0.86737,0.89725,0.83982,0.0
U1-10,U4-30,バラの殻を持つカタツムリ,雲に乗る金色の天竜,0.53727,0.86656,0.91755,0.8195,0.0
G2-17,G5-08,マント付きパンケーキ,紅い外套と剣の覇王,0.53705,0.86621,0.90031,0.83479,0.0
G2-19,G5-06,クルミ殻の精,巨大な鐘を持つ陽気な山の守護者,0.53703,0.86618,0.90675,0.82877,0.0
G5-18,G5-21,天空と大地をまとった地平の女王,虹を織る現実の織姫,0.53698,0.86609,0.89027,0.84379,0.0
U4-29,G5-07,紫髪の呪い人形姫,黒紫の深淵魔王,0.53666,0.86558,0.88439,0.84826,0.0
U1-12,U1-13,苔と岩の装甲を持つイモムシ,サボテンを背負った小型恐竜,0.5362,0.86484,0.85314,0.87571,0.0
G4-25,G5-25,星空球を抱く巨像,宙に浮く虚無宮殿,0.53617,0.8648,0.88616,0.8451,0.0
G4-28,G5-28,虹結晶の大聖堂,天球環を背負う機械巨神,0.5361,0.86467,0.85118,0.87716,0.0
G4-27,G5-25,宇宙方位磁針の巨人,宙に浮く虚無宮殿,0.53595,0.86443,0.87663,0.85318,0.0
G4-27,G5-07,宇宙方位磁針の巨人,黒紫の深淵魔王,0.5359,0.86436,0.90721,0.82482,0.0
U1-27,U4-27,鍵を持つ緑のゴブリン,歯車を内蔵した森のゴーレム,0.53584,0.84884,0.89224,0.80881,0.02516
G2-20,G2-24,巻貝の精,白い羽根の生物,0.53573,0.86408,0.86898,0.85957,0.0
U1-27,U4-04,鍵を持つ緑のゴブリン,宝珠を抱く巨大な古代樹,0.53546,0.86364,0.88813,0.84112,0.0
U1-12,U2-15,苔と岩の装甲を持つイモムシ,葉と角を持つ緑の子ドラゴン,0.5354,0.85088,0.86081,0.84179,0.02068
U1-12,U2-09,苔と岩の装甲を持つイモムシ,葉を背負った小さなカメ,0.53536,0.86349,0.89967,0.83016,0.0
G5-23,G5-24,巻物柱を持つ天上の記録者,巨大な無限方位盤の神,0.53529,0.86338,0.89363,0.83545,0.0
U4-17,U4-29,紫炎と角を持つ魔獣,紫髪の呪い人形姫,0.53523,0.86327,0.88242,0.84565,0.0
G5-01,G5-21,笑顔で手を差し伸べる白ひげ王,虹を織る現実の織姫,0.53514,0.86313,0.88121,0.84649,0.0
U4-04,U6-05,宝珠を抱く巨大な古代樹,大口の巨大食虫植物,0.53511,0.85665,0.88117,0.83408,0.01051
U2-16,G2-15,体が溶けたロウソクの精,白いもちの生物,0.53495,0.86282,0.87776,0.84905,0.0
U6-04,G2-17,炎のたてがみを持つイノシシ,マント付きパンケーキ,0.53462,0.86228,0.91768,0.81114,0.0
U4-15,U6-26,結晶装甲の岩ゴーレム,棍棒を持つ青い一つ目オーガ,0.53442,0.86196,0.90523,0.82205,0.0
G2-22,G3-04,松ぼっくりの精,洋服ダンスミミック,0.53439,0.86192,0.88959,0.83647,0.0
G3-18,G5-07,自動販売機ミミック,黒紫の深淵魔王,0.53437,0.86189,0.87356,0.85117,0.0
U4-13,G2-17,火山を背負った溶岩ガメ,マント付きパンケーキ,0.53422,0.86164,0.88307,0.84194,0.0
U5-04,G5-06,トゲのある巨大サボテン獣,巨大な鐘を持つ陽気な山の守護者,0.53414,0.85691,0.89717,0.81982,0.00752
U4-24,G5-06,巨大化した食虫植物,巨大な鐘を持つ陽気な山の守護者,0.5341,0.85572,0.88717,0.82674,0.00935
G4-02,G4-09,時計仕掛けの宮殿巨人,隕石炉の巨人,0.53406,0.8313,0.81585,0.84558,0.0491
U1-04,U3-29,どんぐりを抱えた赤い小悪魔,赤い子ドラゴン,0.53405,0.84671,0.83929,0.85362,0.02391
G5-14,G5-23,星の小精霊を連れた賢者,巻物柱を持つ天上の記録者,0.53398,0.84866,0.87654,0.82297,0.02056
U6-09,U6-26,苔むした岩ゴーレム,棍棒を持つ青い一つ目オーガ,0.53394,0.86119,0.93579,0.79236,0.0
U1-22,U6-30,葉を生やしたカボチャの精,王冠と口ひげの黄金スライム王,0.53369,0.86079,0.8966,0.82781,0.0
G5-10,G5-25,白毛の巨大獣王,宙に浮く虚無宮殿,0.53367,0.86075,0.89302,0.83097,0.0
U1-13,U6-23,サボテンを背負った小型恐竜,緑の毒スライム,0.53363,0.8607,0.86135,0.86017,0.0
G5-21,G5-23,虹を織る現実の織姫,巻物柱を持つ天上の記録者,0.53329,0.86014,0.89088,0.83182,0.0
U4-08,G5-07,鎌を持つ騎乗死神,黒紫の深淵魔王,0.53325,0.86008,0.88247,0.83946,0.0
G4-12,G5-07,黒穴を操る魔導士,黒紫の深淵魔王,0.53323,0.86005,0.88531,0.83682,0.0
G4-09,G4-14,隕石炉の巨人,日時計の巨像,0.53294,0.84881,0.86594,0.83302,0.01757
U1-05,U1-11,雲の体を持つクラゲ,氷の角を持つ白い小悪魔,0.53293,0.84487,0.86907,0.82257,0.02398
G4-27,G5-27,宇宙方位磁針の巨人,舞台ごと現れた夢劇場の王,0.53291,0.85953,0.90909,0.81381,0.0
G3-17,G4-28,城入りスノードームゴーレム,虹結晶の大聖堂,0.53289,0.8595,0.92831,0.79601,0.0
U4-08,U4-17,鎌を持つ騎乗死神,紫炎と角を持つ魔獣,0.53284,0.84312,0.86109,0.82661,0.0266
U4-13,U6-30,火山を背負った溶岩ガメ,王冠と口ひげの黄金スライム王,0.53283,0.8594,0.89224,0.82916,0.0
G4-28,G5-10,虹結晶の大聖堂,白毛の巨大獣王,0.53276,0.8593,0.86305,0.85588,0.0
G5-09,G5-24,氷宮の女帝,巨大な無限方位盤の神,0.53267,0.85915,0.89139,0.82936,0.0
U1-22,U3-05,葉を生やしたカボチャの精,どんぐりを背負ったクモ,0.53264,0.8591,0.87994,0.8399,0.0
G4-25,G5-07,星空球を抱く巨像,黒紫の深淵魔王,0.5326,0.85904,0.90871,0.81319,0.0
G4-22,G5-20,遊園地を背負う巨像,星を鍛える巨大炉,0.53247,0.85882,0.85016,0.86687,0.0
U6-04,G3-09,炎のたてがみを持つイノシシ,旅行かばんミミック,0.53241,0.85873,0.88554,0.83403,0.0
U3-08,G1-14,葉でできた小鳥,方位磁針の生物,0.53232,0.85859,0.86211,0.85539,0.0
U3-19,G5-30,巻角を持つ白い子ヒツジ,六つの光輪を持つ世界封印の守護者,0.53222,0.8444,0.90243,0.79087,0.02287
G4-15,G5-21,ステンドグラスの天使,虹を織る現実の織姫,0.53216,0.85832,0.87531,0.84266,0.0
U2-22,U5-30,星形の黄色い精,王冠とローブの黄金スライム王,0.53185,0.8415,0.83836,0.84443,0.02664
U6-04,G3-04,炎のたてがみを持つイノシシ,洋服ダンスミミック,0.53182,0.85777,0.87178,0.84489,0.0
G3-17,G5-10,城入りスノードームゴーレム,白毛の巨大獣王,0.53182,0.85777,0.88674,0.83104,0.0
U1-09,U3-12,鉱石を掘るモグラ,泥をまとったカエル,0.53176,0.85768,0.86421,0.8517,0.0
G5-20,G5-27,星を鍛える巨大炉,舞台ごと現れた夢劇場の王,0.5317,0.85758,0.90249,0.81617,0.0
G4-15,G4-25,ステンドグラスの天使,星空球を抱く巨像,0.53162,0.85746,0.8851,0.83195,0.0
U6-17,G1-14,赤傘のキノコ,方位磁針の生物,0.53152,0.85729,0.8536,0.86074,0.0
U3-19,G1-15,巻角を持つ白い子ヒツジ,サイコロの子,0.53134,0.85699,0.89594,0.82106,0.0
U3-02,U3-15,苔をまとった子犬,巻貝を背負った小さなヤドカリ,0.53123,0.85228,0.90941,0.79955,0.00742
G5-07,G5-19,黒紫の深淵魔王,渦巻く黒穴の主,0.53122,0.8568,0.88874,0.82741,0.0
U1-27,U5-04,鍵を持つ緑のゴブリン,トゲのある巨大サボテン獣,0.53111,0.85662,0.89163,0.82441,0.0
U1-22,G2-18,葉を生やしたカボチャの精,チーズ片の生物,0.53091,0.85631,0.84032,0.87111,0.0
G2-17,G3-29,マント付きパンケーキ,工具箱ミミック,0.53085,0.85622,0.89243,0.82284,0.0
G4-11,G4-19,摩天楼の巨人,巨大鐘のガーゴイル,0.53084,0.85619,0.81767,0.89179,0.0
U4-09,G5-06,杖を持つ森の妖精女王,巨大な鐘を持つ陽気な山の守護者,0.53072,0.84435,0.88697,0.80503,0.019
U1-05,U3-14,雲の体を持つクラゲ,青い鬼火をまとった白い霊体,0.53058,0.85578,0.837,0.87319,0.0
U6-05,U6-25,大口の巨大食虫植物,顔のある巨大樹,0.53054,0.84775,0.8386,0.85627,0.01298
U1-05,U5-13,雲の体を持つクラゲ,氷の毛と牙を持つイノシシ,0.53047,0.84217,0.86455,0.82153,0.0219
U4-13,U5-04,火山を背負った溶岩ガメ,トゲのある巨大サボテン獣,0.53047,0.85154,0.92129,0.78724,0.00662
U6-09,G4-28,苔むした岩ゴーレム,虹結晶の大聖堂,0.5304,0.85548,0.88622,0.82716,0.0
U2-12,U4-24,花を咲かせた小型サボテン,巨大化した食虫植物,0.5303,0.85533,0.90074,0.81348,0.0
G3-18,G3-22,自動販売機ミミック,炎のオーブン獣,0.53025,0.85525,0.89965,0.81433,0.0
G4-28,G5-16,虹結晶の大聖堂,世界時計の機械神,0.53025,0.85524,0.86382,0.84737,0.0
U2-02,U2-10,炎の尾を持つ小さなキツネ,太陽のような炎の精,0.53011,0.8401,0.82185,0.85701,0.02433
U2-12,U6-30,花を咲かせた小型サボテン,王冠と口ひげの黄金スライム王,0.52999,0.85482,0.90899,0.80491,0.0
U6-14,G2-20,舌を出す白い幽霊,巻貝の精,0.52983,0.85456,0.89477,0.81749,0.0
U1-05,U3-24,雲の体を持つクラゲ,氷をまとった青白いヒツジ,0.5298,0.85451,0.88836,0.82329,0.0
U2-02,U6-17,炎の尾を持つ小さなキツネ,赤傘のキノコ,0.52978,0.85448,0.86158,0.84797,0.0
G4-01,G4-09,大聖堂の鐘を宿す巨像,隕石炉の巨人,0.52965,0.85428,0.84845,0.8597,0.0
U4-24,U6-25,巨大化した食虫植物,顔のある巨大樹,0.52945,0.84605,0.84105,0.85073,0.01291
U2-12,U2-15,花を咲かせた小型サボテン,葉と角を持つ緑の子ドラゴン,0.52931,0.84725,0.87841,0.81858,0.01057
U4-15,U4-21,結晶装甲の岩ゴーレム,金装甲をまとった青い海竜,0.52929,0.84363,0.9062,0.78592,0.01644
G5-07,G5-20,黒紫の深淵魔王,星を鍛える巨大炉,0.52928,0.85368,0.90299,0.80819,0.0
G5-11,G5-30,多数の鏡を操る聖女,六つの光輪を持つ世界封印の守護者,0.52926,0.85364,0.87176,0.83698,0.0
U5-04,U6-15,トゲのある巨大サボテン獣,甲羅装甲の緑カメ,0.5292,0.84829,0.88095,0.81823,0.00857
G5-07,G5-25,黒紫の深淵魔王,宙に浮く虚無宮殿,0.52913,0.85344,0.87674,0.83192,0.0
G5-06,G5-13,巨大な鐘を持つ陽気な山の守護者,生きた玉座に座る暴君,0.52904,0.8533,0.87086,0.83712,0.0
U4-24,U4-27,巨大化した食虫植物,歯車を内蔵した森のゴーレム,0.529,0.84665,0.87178,0.82351,0.01074
U1-05,U1-28,雲の体を持つクラゲ,氷結晶をまとった白フクロウ,0.52894,0.85312,0.87096,0.83672,0.0
G4-15,G5-10,ステンドグラスの天使,白毛の巨大獣王,0.52888,0.85304,0.85169,0.85434,0.0
G4-10,G4-30,鏡の迷宮騎士,異次元門の守護者,0.52885,0.85298,0.90072,0.80901,0.0
G3-18,G5-27,自動販売機ミミック,舞台ごと現れた夢劇場の王,0.52876,0.85283,0.85644,0.84958,0.0
U6-17,G2-14,赤傘のキノコ,ポップコーンの精,0.52874,0.85281,0.88658,0.8217,0.0
U4-12,G4-15,白翼の聖騎士,ステンドグラスの天使,0.52864,0.85264,0.91285,0.79704,0.0
U5-15,G5-01,太鼓を持つキノコ旅人,笑顔で手を差し伸べる白ひげ王,0.52862,0.85262,0.87309,0.83379,0.0
G1-19,G2-20,消しゴムの生物,巻貝の精,0.52858,0.85254,0.87543,0.83143,0.0
U2-21,G3-29,岩の体と赤いハサミを持つヤドカリ,工具箱ミミック,0.52844,0.85232,0.91156,0.79772,0.0
G4-25,G5-20,星空球を抱く巨像,星を鍛える巨大炉,0.52843,0.8523,0.88166,0.82528,0.0
G4-08,G5-07,巨大ピアノと触手の魔物,黒紫の深淵魔王,0.5284,0.85226,0.86154,0.84374,0.0
U2-12,U4-04,花を咲かせた小型サボテン,宝珠を抱く巨大な古代樹,0.52835,0.85217,0.89608,0.81172,0.0
U6-04,G5-08,炎のたてがみを持つイノシシ,紅い外套と剣の覇王,0.52831,0.85212,0.8996,0.80832,0.0
G4-05,G4-25,雷をまとう巨大列車,星空球を抱く巨像,0.5283,0.8521,0.83,0.87256,0.0
U6-24,G4-04,水をまとった青い海竜,嵐をまとう幽霊船,0.52824,0.8326,0.87186,0.79639,0.03165
G5-11,G5-24,多数の鏡を操る聖女,巨大な無限方位盤の神,0.52808,0.85175,0.84584,0.85725,0.0
G4-15,G5-20,ステンドグラスの天使,星を鍛える巨大炉,0.52804,0.85167,0.88299,0.82281,0.0
G5-20,G5-29,星を鍛える巨大炉,赤黒の宇宙操り人形皇帝,0.52802,0.85165,0.88859,0.81761,0.0
U1-26,U4-04,大口を開けた食虫植物,宝珠を抱く巨大な古代樹,0.52793,0.85151,0.85895,0.8447,0.0
G3-29,G5-08,工具箱ミミック,紅い外套と剣の覇王,0.52781,0.8513,0.88481,0.82046,0.0
U4-29,G5-19,紫髪の呪い人形姫,渦巻く黒穴の主,0.5278,0.85129,0.86713,0.83672,0.0
U1-09,G4-10,鉱石を掘るモグラ,鏡の迷宮騎士,0.52777,0.85125,0.87338,0.8309,0.0
U4-07,G4-04,泡をまとった青赤の海竜,嵐をまとう幽霊船,0.52768,0.83294,0.90172,0.76943,0.02962
G3-04,G5-08,洋服ダンスミミック,紅い外套と剣の覇王,0.52755,0.85088,0.86063,0.84195,0.0
U4-27,G4-29,歯車を内蔵した森のゴーレム,火山炉の城塞巨人,0.52751,0.85083,0.88691,0.81758,0.0
G4-25,G5-10,星空球を抱く巨像,白毛の巨大獣王,0.5274,0.85065,0.8912,0.81321,0.0
U5-24,G3-04,火山を背負った溶岩ガメ,洋服ダンスミミック,0.52719,0.85031,0.85554,0.84554,0.0
G2-29,G3-17,虹色ビー玉の生物,城入りスノードームゴーレム,0.52719,0.85031,0.91998,0.78604,0.0
U2-09,U4-04,葉を背負った小さなカメ,宝珠を抱く巨大な古代樹,0.52709,0.85015,0.90494,0.79962,0.0
U4-12,G5-11,白翼の聖騎士,多数の鏡を操る聖女,0.52704,0.85007,0.85585,0.84479,0.0
U4-17,G5-19,紫炎と角を持つ魔獣,渦巻く黒穴の主,0.527,0.85,0.90019,0.80376,0.0
U4-30,U5-30,雲に乗る金色の天竜,王冠とローブの黄金スライム王,0.52695,0.84992,0.87967,0.82251,0.0
U6-26,G3-17,棍棒を持つ青い一つ目オーガ,城入りスノードームゴーレム,0.52677,0.84964,0.9155,0.78888,0.0
U1-12,U5-04,苔と岩の装甲を持つイモムシ,トゲのある巨大サボテン獣,0.52674,0.84958,0.87347,0.82763,0.0
U5-14,G5-06,一つ目の巨大樹人,巨大な鐘を持つ陽気な山の守護者,0.5267,0.84263,0.8414,0.8438,0.01125
G4-27,G5-20,宇宙方位磁針の巨人,星を鍛える巨大炉,0.5267,0.84951,0.86647,0.83394,0.0
U4-04,U6-30,宝珠を抱く巨大な古代樹,王冠と口ひげの黄金スライム王,0.52669,0.84951,0.88722,0.81473,0.0
U4-08,U4-29,鎌を持つ騎乗死神,紫髪の呪い人形姫,0.52666,0.84945,0.84702,0.85175,0.0
U6-09,G4-10,苔むした岩ゴーレム,鏡の迷宮騎士,0.52661,0.84937,0.89015,0.81178,0.0
U1-21,G5-01,貝殻を背負った泡の生物,笑顔で手を差し伸べる白ひげ王,0.52653,0.84924,0.87363,0.82678,0.0
G2-17,G3-04,マント付きパンケーキ,洋服ダンスミミック,0.52649,0.84918,0.87065,0.8294,0.0
G4-10,G4-28,鏡の迷宮騎士,虹結晶の大聖堂,0.52637,0.84899,0.87884,0.82148,0.0
U1-09,G4-02,鉱石を掘るモグラ,時計仕掛けの宮殿巨人,0.52628,0.84883,0.84507,0.85237,0.0
G3-04,G5-27,洋服ダンスミミック,舞台ごと現れた夢劇場の王,0.52626,0.84881,0.90718,0.795,0.0
U1-12,U6-23,苔と岩の装甲を持つイモムシ,緑の毒スライム,0.52615,0.84863,0.85508,0.84277,0.0
G4-26,G4-30,多数の王冠をまとう王,異次元門の守護者,0.52613,0.8486,0.90744,0.79435,0.0
U2-15,U3-25,葉と角を持つ緑の子ドラゴン,花を咲かせた緑のヘビ,0.52605,0.83685,0.88437,0.79303,0.01895
U4-07,U4-18,泡をまとった青赤の海竜,水と蓮に包まれた女王,0.52601,0.84841,0.87488,0.82399,0.0
G4-30,G5-23,異次元門の守護者,巻物柱を持つ天上の記録者,0.52599,0.83298,0.89796,0.77304,0.02513
U4-17,G5-07,紫炎と角を持つ魔獣,黒紫の深淵魔王,0.52577,0.84801,0.87941,0.81911,0.0
U5-04,U6-05,トゲのある巨大サボテン獣,大口の巨大食虫植物,0.52574,0.84288,0.85341,0.83326,0.00829
U4-30,U6-30,雲に乗る金色の天竜,王冠と口ひげの黄金スライム王,0.52565,0.84783,0.91289,0.78777,0.0
U4-07,U4-15,泡をまとった青赤の海竜,結晶装甲の岩ゴーレム,0.52561,0.84777,0.86387,0.83293,0.0
U4-21,G4-04,金装甲をまとった青い海竜,嵐をまとう幽霊船,0.52557,0.83027,0.8957,0.76988,0.02842
U6-29,G4-12,王冠と杖を持つ黒いリッチ王,黒穴を操る魔導士,0.52553,0.84763,0.87712,0.82048,0.0
U2-09,U6-23,葉を背負った小さなカメ,緑の毒スライム,0.52552,0.84761,0.88365,0.81444,0.0
U1-12,U6-30,苔と岩の装甲を持つイモムシ,王冠と口ひげの黄金スライム王,0.52551,0.8476,0.86939,0.82756,0.0
G5-15,G5-23,天球儀を操る観測神,巻物柱を持つ天上の記録者,0.52548,0.84754,0.88219,0.8156,0.0
U1-23,G5-21,石像になった小型ガーゴイル,虹を織る現実の織姫,0.52546,0.84751,0.88236,0.81536,0.0
U2-14,G2-14,旅装をしたキノコ,ポップコーンの精,0.52541,0.84743,0.90136,0.79768,0.0
G2-19,G3-29,クルミ殻の精,工具箱ミミック,0.5254,0.84742,0.87134,0.82541,0.0
G5-10,G5-20,白毛の巨大獣王,星を鍛える巨大炉,0.52538,0.83675,0.89602,0.78207,0.01736
G4-30,G5-25,異次元門の守護者,宙に浮く虚無宮殿,0.52535,0.84734,0.86296,0.83298,0.0
U4-13,G1-01,火山を背負った溶岩ガメ,ボタン甲虫,0.52535,0.84733,0.9,0.79878,0.0
U4-27,G5-06,歯車を内蔵した森のゴーレム,巨大な鐘を持つ陽気な山の守護者,0.5253,0.84726,0.87923,0.81778,0.0
U4-27,G2-19,歯車を内蔵した森のゴーレム,クルミ殻の精,0.5252,0.8471,0.89028,0.80727,0.0
U4-30,G5-30,雲に乗る金色の天竜,六つの光輪を持つ世界封印の守護者,0.52515,0.84702,0.88965,0.80768,0.0
G5-01,G5-06,笑顔で手を差し伸べる白ひげ王,巨大な鐘を持つ陽気な山の守護者,0.52515,0.84701,0.87793,0.81849,0.0
G4-09,G5-07,隕石炉の巨人,黒紫の深淵魔王,0.52512,0.84696,0.8424,0.85122,0.0
U1-28,U6-01,氷結晶をまとった白フクロウ,笑顔の青いスライム,0.52511,0.84696,0.86771,0.82785,0.0
G5-11,G5-18,多数の鏡を操る聖女,天空と大地をまとった地平の女王,0.52507,0.84689,0.85676,0.83777,0.0
U5-26,G4-23,楽器を弾く魔法使いガイコツ,月望遠鏡の魔導士,0.52502,0.84681,0.8705,0.825,0.0
U1-12,U1-27,苔と岩の装甲を持つイモムシ,鍵を持つ緑のゴブリン,0.52501,0.83046,0.8631,0.80044,0.02663
G5-10,G5-16,白毛の巨大獣王,世界時計の機械神,0.52497,0.84673,0.87229,0.82317,0.0
U6-17,G5-06,赤傘のキノコ,巨大な鐘を持つ陽気な山の守護者,0.52491,0.84662,0.89415,0.80276,0.0
U4-15,U5-27,結晶装甲の岩ゴーレム,二つ首の青赤海竜,0.52488,0.84659,0.86136,0.83301,0.0
G4-23,G5-07,月望遠鏡の魔導士,黒紫の深淵魔王,0.5248,0.84646,0.86272,0.83149,0.0
U1-11,U2-08,氷の角を持つ白い小悪魔,紫の鬼火に包まれたドクロ,0.52479,0.84644,0.84965,0.84352,0.0
U5-04,G2-17,トゲのある巨大サボテン獣,マント付きパンケーキ,0.52479,0.84644,0.90446,0.79292,0.0
G4-19,G4-28,巨大鐘のガーゴイル,虹結晶の大聖堂,0.52479,0.84643,0.85135,0.84193,0.0
U2-05,G5-06,花そのものの小さな精,巨大な鐘を持つ陽気な山の守護者,0.52478,0.84642,0.88562,0.81026,0.0
U6-12,G4-25,青いオオカミ,星空球を抱く巨像,0.52478,0.84642,0.882,0.81361,0.0
G4-10,G4-27,鏡の迷宮騎士,宇宙方位磁針の巨人,0.52477,0.84641,0.87597,0.81919,0.0
U1-30,U4-18,泡をまとった青い子ドラゴン,水と蓮に包まれた女王,0.52471,0.8463,0.85564,0.83778,0.0
U4-06,U6-25,溶岩でできた巨大ゴーレム,顔のある巨大樹,0.52469,0.83956,0.83815,0.84092,0.01096
U3-27,U4-04,苔むした小型岩ゴーレム,宝珠を抱く巨大な古代樹,0.52468,0.84627,0.89501,0.80131,0.0
U4-13,U6-04,火山を背負った溶岩ガメ,炎のたてがみを持つイノシシ,0.52467,0.83922,0.90529,0.77823,0.01147
G4-15,G5-23,ステンドグラスの天使,巻物柱を持つ天上の記録者,0.52461,0.84615,0.85749,0.83574,0.0
G5-16,G5-27,世界時計の機械神,舞台ごと現れた夢劇場の王,0.52459,0.84611,0.88976,0.80584,0.0
G4-01,G4-17,大聖堂の鐘を宿す巨像,ルーレット魔王,0.52454,0.83987,0.81766,0.86041,0.01005
G5-15,G5-21,天球儀を操る観測神,虹を織る現実の織姫,0.52451,0.84598,0.87654,0.8178,0.0
G4-15,G4-27,ステンドグラスの天使,宇宙方位磁針の巨人,0.52449,0.84595,0.85916,0.83379,0.0
U4-02,G5-30,金青の装飾を持つ聖獣グリフォン,六つの光輪を持つ世界封印の守護者,0.52444,0.83634,0.85563,0.81858,0.01557
U4-13,U4-24,火山を背負った溶岩ガメ,巨大化した食虫植物,0.52437,0.84576,0.89199,0.80314,0.0
G4-26,G4-29,多数の王冠をまとう王,火山炉の城塞巨人,0.52437,0.84576,0.86642,0.82675,0.0
G4-27,G4-28,宇宙方位磁針の巨人,虹結晶の大聖堂,0.52426,0.84558,0.85702,0.83507,0.0
G5-26,G5-30,太陽と月をまとう双極の神,六つの光輪を持つ世界封印の守護者,0.52425,0.84556,0.92207,0.77494,0.0
U3-05,U3-18,どんぐりを背負ったクモ,芽が生えた切り株,0.52424,0.84555,0.83103,0.85901,0.0
U1-27,U2-12,鍵を持つ緑のゴブリン,花を咲かせた小型サボテン,0.52422,0.83718,0.88,0.79776,0.01362
U4-06,U6-22,溶岩でできた巨大ゴーレム,黒赤装甲の巨大カニ,0.52422,0.84024,0.84273,0.83799,0.00863
G1-09,G1-12,懐中時計の子,長靴の生物,0.52419,0.84547,0.83403,0.85611,0.0
G4-25,G4-28,星空球を抱く巨像,虹結晶の大聖堂,0.52414,0.84539,0.84587,0.845,0.0
U1-03,U6-10,青い結晶を背負った甲虫,青いクラゲ,0.52412,0.83778,0.83683,0.8387,0.01237
U1-11,G2-23,氷の角を持つ白い小悪魔,虹色のシャボン玉,0.52411,0.84534,0.86307,0.829,0.0
U5-02,G5-06,花と苔をまとった巻角のヒツジ,巨大な鐘を持つ陽気な山の守護者,0.5241,0.84533,0.87406,0.81885,0.0
G2-19,G5-08,クルミ殻の精,紅い外套と剣の覇王,0.52408,0.84529,0.89526,0.79922,0.0
U1-04,G2-17,どんぐりを抱えた赤い小悪魔,マント付きパンケーキ,0.52404,0.84522,0.8521,0.83895,0.0
U3-24,U4-18,氷をまとった青白いヒツジ,水と蓮に包まれた女王,0.52401,0.84518,0.84681,0.84375,0.0
G4-24,G4-26,大地を揺らす太鼓巨人,多数の王冠をまとう王,0.52401,0.84518,0.83683,0.85295,0.0
U6-25,G2-22,顔のある巨大樹,松ぼっくりの精,0.52395,0.84508,0.86015,0.83122,0.0
U2-03,U4-04,苔むした丸岩ゴーレム,宝珠を抱く巨大な古代樹,0.52394,0.84506,0.89694,0.79723,0.0
U4-02,G5-24,金青の装飾を持つ聖獣グリフォン,巨大な無限方位盤の神,0.5239,0.845,0.85323,0.83745,0.0
U1-27,U4-13,鍵を持つ緑のゴブリン,火山を背負った溶岩ガメ,0.52383,0.84488,0.88055,0.81203,0.0
U1-23,G4-15,石像になった小型ガーゴイル,ステンドグラスの天使,0.52379,0.84482,0.83878,0.85047,0.0
U6-14,G2-13,舌を出す白い幽霊,塩入れの生物,0.52378,0.84481,0.84802,0.84188,0.0
U4-12,G5-30,白翼の聖騎士,六つの光輪を持つ世界封印の守護者,0.52377,0.84479,0.8539,0.83644,0.0
G4-25,G5-16,星空球を抱く巨像,世界時計の機械神,0.52375,0.84476,0.86582,0.82538,0.0
U1-04,U4-06,どんぐりを抱えた赤い小悪魔,溶岩でできた巨大ゴーレム,0.52368,0.84464,0.85651,0.83374,0.0
U3-19,U6-17,巻角を持つ白い子ヒツジ,赤傘のキノコ,0.52368,0.84464,0.91494,0.77971,0.0
U6-17,G3-04,赤傘のキノコ,洋服ダンスミミック,0.52362,0.84456,0.90706,0.78686,0.0
U1-11,U3-14,氷の角を持つ白い小悪魔,青い鬼火をまとった白い霊体,0.5236,0.83536,0.83165,0.83881,0.01495
U4-24,U5-04,巨大化した食虫植物,トゲのある巨大サボテン獣,0.52355,0.83939,0.8675,0.81353,0.00824
G5-10,G5-21,白毛の巨大獣王,虹を織る現実の織姫,0.52351,0.84437,0.86782,0.82278,0.0
U4-13,U6-21,火山を背負った溶岩ガメ,翼と角を持つ獅子の魔獣,0.5235,0.84435,0.84658,0.84236,0.0
U2-21,G3-09,岩の体と赤いハサミを持つヤドカリ,旅行かばんミミック,0.52343,0.84424,0.88258,0.80894,0.0
G2-19,G3-09,クルミ殻の精,旅行かばんミミック,0.52341,0.84421,0.86792,0.82238,0.0
U2-21,G2-17,岩の体と赤いハサミを持つヤドカリ,マント付きパンケーキ,0.52333,0.84409,0.88482,0.80658,0.0
U2-14,G2-21,旅装をしたキノコ,サンゴ鐘の生物,0.52332,0.84406,0.89008,0.80163,0.0
U5-04,U5-14,トゲのある巨大サボテン獣,一つ目の巨大樹人,0.52321,0.83782,0.85034,0.82633,0.00991
U3-27,G5-06,苔むした小型岩ゴーレム,巨大な鐘を持つ陽気な山の守護者,0.5232,0.84388,0.88832,0.80289,0.0
U2-02,G2-04,炎の尾を持つ小さなキツネ,太陽光の綿毛,0.52316,0.8438,0.83364,0.85325,0.0
G2-04,G2-18,太陽光の綿毛,チーズ片の生物,0.52314,0.84378,0.83128,0.85531,0.0
U6-17,G1-09,赤傘のキノコ,懐中時計の子,0.52314,0.84377,0.82997,0.85656,0.0
U6-25,G5-13,顔のある巨大樹,生きた玉座に座る暴君,0.52311,0.84372,0.84483,0.84276,0.0
G3-01,G3-09,アコーディオン装甲の獣,旅行かばんミミック,0.52305,0.84363,0.86433,0.82462,0.0
G1-02,G4-12,指ぬき帽子の小悪魔,黒穴を操る魔導士,0.523,0.84355,0.89516,0.79592,0.0
U4-27,G5-16,歯車を内蔵した森のゴーレム,世界時計の機械神,0.52283,0.84327,0.86335,0.82475,0.0
U2-03,U5-14,苔むした丸岩ゴーレム,一つ目の巨大樹人,0.52275,0.84314,0.87706,0.81188,0.0
U1-04,U6-30,どんぐりを抱えた赤い小悪魔,王冠と口ひげの黄金スライム王,0.52265,0.84299,0.88578,0.80351,0.0
U4-25,U6-26,雷をまとった青いオオカミ,棍棒を持つ青い一つ目オーガ,0.52261,0.83783,0.89774,0.78259,0.00829
U1-27,U2-09,鍵を持つ緑のゴブリン,葉を背負った小さなカメ,0.52258,0.84288,0.90101,0.78931,0.0
G5-24,G5-30,巨大な無限方位盤の神,六つの光輪を持つ世界封印の守護者,0.52255,0.84283,0.87214,0.81581,0.0
G5-01,G5-26,笑顔で手を差し伸べる白ひげ王,太陽と月をまとう双極の神,0.52254,0.84281,0.87774,0.81064,0.0
G4-08,G4-12,巨大ピアノと触手の魔物,黒穴を操る魔導士,0.52253,0.84279,0.86773,0.81985,0.0
U4-30,G2-15,雲に乗る金色の天竜,白いもちの生物,0.52251,0.84276,0.88679,0.80214,0.0
U4-18,U5-13,水と蓮に包まれた女王,氷の毛と牙を持つイノシシ,0.52239,0.84256,0.85477,0.83135,0.0
U2-12,U4-27,花を咲かせた小型サボテン,歯車を内蔵した森のゴーレム,0.52235,0.8425,0.90458,0.78523,0.0
U4-13,G5-06,火山を背負った溶岩ガメ,巨大な鐘を持つ陽気な山の守護者,0.52231,0.84244,0.87385,0.81348,0.0
U1-27,U6-15,鍵を持つ緑のゴブリン,甲羅装甲の緑カメ,0.52231,0.84243,0.86471,0.82195,0.0
U4-14,U4-30,青い鬼火をまとう九尾の白狐,雲に乗る金色の天竜,0.5221,0.84209,0.91334,0.77633,0.0
G5-25,G5-27,宙に浮く虚無宮殿,舞台ごと現れた夢劇場の王,0.5221,0.84209,0.89079,0.79714,0.0
U3-25,U4-09,花を咲かせた緑のヘビ,杖を持つ森の妖精女王,0.52206,0.84203,0.88937,0.7984,0.0
G4-07,G5-24,磁器の女王,巨大な無限方位盤の神,0.52204,0.842,0.85186,0.83289,0.0
G4-15,G5-27,ステンドグラスの天使,舞台ごと現れた夢劇場の王,0.52201,0.84196,0.90248,0.78609,0.0
U1-04,G2-19,どんぐりを抱えた赤い小悪魔,クルミ殻の精,0.52194,0.84184,0.87821,0.80835,0.0
U2-18,U6-01,青結晶の殻を持つカタツムリ,笑顔の青いスライム,0.5219,0.84177,0.84317,0.84054,0.0
G4-19,G4-25,巨大鐘のガーゴイル,星空球を抱く巨像,0.52189,0.84176,0.80557,0.87523,0.0
U4-18,U5-27,水と蓮に包まれた女王,二つ首の青赤海竜,0.52186,0.84171,0.87544,0.81059,0.0
U5-15,U6-04,太鼓を持つキノコ旅人,炎のたてがみを持つイノシシ,0.52185,0.83041,0.85358,0.80906,0.01842
U3-01,U4-18,泡を出す青いスライム,水と蓮に包まれた女王,0.52185,0.84169,0.82794,0.85445,0.0
U1-12,U6-15,苔と岩の装甲を持つイモムシ,甲羅装甲の緑カメ,0.52182,0.83084,0.86113,0.80297,0.01763
U2-02,G5-06,炎の尾を持つ小さなキツネ,巨大な鐘を持つ陽気な山の守護者,0.52178,0.83227,0.86959,0.79781,0.01519
U2-18,U4-18,青結晶の殻を持つカタツムリ,水と蓮に包まれた女王,0.52174,0.84152,0.82843,0.85367,0.0
G4-15,G5-25,ステンドグラスの天使,宙に浮く虚無宮殿,0.52174,0.84151,0.83198,0.85034,0.0
U1-13,U1-27,サボテンを背負った小型恐竜,鍵を持つ緑のゴブリン,0.52163,0.84135,0.86888,0.81602,0.0
U4-04,U5-30,宝珠を抱く巨大な古代樹,王冠とローブの黄金スライム王,0.52157,0.84124,0.90633,0.78115,0.0
U1-05,U2-04,雲の体を持つクラゲ,氷結晶を抱く白ウサギ,0.52148,0.8411,0.82664,0.85452,0.0
G4-10,G4-15,鏡の迷宮騎士,ステンドグラスの天使,0.52146,0.84106,0.87661,0.8083,0.0
U4-14,G5-11,青い鬼火をまとう九尾の白狐,多数の鏡を操る聖女,0.52128,0.84078,0.86279,0.82047,0.0
U1-05,U4-14,雲の体を持つクラゲ,青い鬼火をまとう九尾の白狐,0.52124,0.84071,0.88361,0.80112,0.0
U6-04,G3-29,炎のたてがみを持つイノシシ,工具箱ミミック,0.52122,0.84068,0.87133,0.81243,0.0
G2-19,G3-18,クルミ殻の精,自動販売機ミミック,0.52122,0.84068,0.89404,0.79145,0.0
U4-27,G4-10,歯車を内蔵した森のゴーレム,鏡の迷宮騎士,0.52121,0.84066,0.90776,0.77876,0.0
U2-03,U5-04,苔むした丸岩ゴーレム,トゲのある巨大サボテン獣,0.5212,0.84064,0.88917,0.79591,0.0
U4-24,G5-13,巨大化した食虫植物,生きた玉座に座る暴君,0.52119,0.84063,0.86368,0.81941,0.0
U4-13,G5-08,火山を背負った溶岩ガメ,紅い外套と剣の覇王,0.52116,0.84059,0.88389,0.80066,0.0
G4-21,G4-26,歯車の大蛇,多数の王冠をまとう王,0.52113,0.84053,0.8268,0.85324,0.0
G1-02,G5-27,指ぬき帽子の小悪魔,舞台ごと現れた夢劇場の王,0.52111,0.8405,0.86382,0.81902,0.0
U6-04,G4-29,炎のたてがみを持つイノシシ,火山炉の城塞巨人,0.52106,0.83294,0.86375,0.80455,0.01222
G4-08,G5-19,巨大ピアノと触手の魔物,渦巻く黒穴の主,0.52106,0.84042,0.86249,0.82013,0.0
U4-13,U5-30,火山を背負った溶岩ガメ,王冠とローブの黄金スライム王,0.52102,0.84036,0.87748,0.80616,0.0
U6-10,U6-19,青いクラゲ,青い氷結晶ゴーレム,0.52098,0.83385,0.80235,0.86299,0.01051
U4-03,U4-29,黒紫の大型ドラゴン,紫髪の呪い人形姫,0.52094,0.84022,0.8319,0.84798,0.0
U1-30,U5-13,泡をまとった青い子ドラゴン,氷の毛と牙を持つイノシシ,0.5209,0.84017,0.85001,0.83115,0.0
U3-22,G5-01,大耳の砂色ネズミ,笑顔で手を差し伸べる白ひげ王,0.52089,0.84014,0.85782,0.82386,0.0
G4-05,G4-18,雷をまとう巨大列車,時計塔の怪物,0.52083,0.84005,0.82344,0.85544,0.0
G1-30,G2-19,ボタン集合体,クルミ殻の精,0.5208,0.83999,0.93246,0.75472,0.0
U4-04,U4-09,宝珠を抱く巨大な古代樹,杖を持つ森の妖精女王,0.52072,0.83987,0.90616,0.77869,0.0
U1-30,U6-10,泡をまとった青い子ドラゴン,青いクラゲ,0.52066,0.83263,0.84185,0.82419,0.01166
G5-11,G5-21,多数の鏡を操る聖女,虹を織る現実の織姫,0.52066,0.83978,0.84935,0.83097,0.0
U1-13,U4-24,サボテンを背負った小型恐竜,巨大化した食虫植物,0.5206,0.83967,0.87673,0.80553,0.0
U3-29,G2-17,赤い子ドラゴン,マント付きパンケーキ,0.5205,0.83952,0.80685,0.86974,0.0
G4-08,G4-11,巨大ピアノと触手の魔物,摩天楼の巨人,0.5205,0.83952,0.82909,0.84918,0.0
U5-18,G4-10,紫結晶を背負ったモグラ,鏡の迷宮騎士,0.52049,0.8395,0.90162,0.78222,0.0
U1-07,G4-12,木の実を背負った紫コウモリ,黒穴を操る魔導士,0.52046,0.83946,0.8588,0.82167,0.0
U2-03,U4-24,苔むした丸岩ゴーレム,巨大化した食虫植物,0.52042,0.83076,0.86913,0.79544,0.01407
G4-27,G5-28,宇宙方位磁針の巨人,天球環を背負う機械巨神,0.52041,0.83937,0.81643,0.86059,0.0
U1-13,U6-05,サボテンを背負った小型恐竜,大口の巨大食虫植物,0.52035,0.83927,0.86957,0.81139,0.0
U6-05,G5-06,大口の巨大食虫植物,巨大な鐘を持つ陽気な山の守護者,0.5203,0.83343,0.86319,0.80598,0.00941
U4-14,G5-24,青い鬼火をまとう九尾の白狐,巨大な無限方位盤の神,0.52024,0.8391,0.8954,0.78711,0.0
U4-10,U4-22,金色の大型ドラゴン,巨大な炎のフェニックス,0.52021,0.83904,0.86195,0.8179,0.0
U4-08,G5-19,鎌を持つ騎乗死神,渦巻く黒穴の主,0.52018,0.839,0.85148,0.82755,0.0
G3-18,G4-27,自動販売機ミミック,宇宙方位磁針の巨人,0.52017,0.83898,0.86024,0.8194,0.0
U1-10,U4-14,バラの殻を持つカタツムリ,青い鬼火をまとう九尾の白狐,0.52009,0.83886,0.92707,0.7574,0.0
G2-17,G5-13,マント付きパンケーキ,生きた玉座に座る暴君,0.52009,0.83886,0.86602,0.81383,0.0
U3-05,U4-06,どんぐりを背負ったクモ,溶岩でできた巨大ゴーレム,0.52008,0.83884,0.83839,0.83934,0.0
U4-02,U4-12,金青の装飾を持つ聖獣グリフォン,白翼の聖騎士,0.52008,0.83884,0.83886,0.8389,0.0
G4-19,G4-27,巨大鐘のガーゴイル,宇宙方位磁針の巨人,0.52001,0.83873,0.81464,0.86103,0.0
U5-26,G3-22,楽器を弾く魔法使いガイコツ,炎のオーブン獣,0.51998,0.83867,0.85125,0.82711,0.0
U6-15,G5-06,甲羅装甲の緑カメ,巨大な鐘を持つ陽気な山の守護者,0.51997,0.83866,0.84796,0.83014,0.0
G1-08,G1-20,ティーカップの生物,扇子の精,0.51995,0.83862,0.83562,0.84146,0.0
U1-27,U6-05,鍵を持つ緑のゴブリン,大口の巨大食虫植物,0.51994,0.83862,0.86626,0.8132,0.0
G4-24,G5-07,大地を揺らす太鼓巨人,黒紫の深淵魔王,0.51993,0.8386,0.85032,0.82782,0.0
U4-12,G5-03,白翼の聖騎士,月を背負う優雅な女王,0.5199,0.83854,0.84961,0.82839,0.0
U1-04,U6-25,どんぐりを抱えた赤い小悪魔,顔のある巨大樹,0.51989,0.83853,0.87175,0.80791,0.0
G4-25,G4-30,星空球を抱く巨像,異次元門の守護者,0.51989,0.83853,0.87145,0.8082,0.0
U4-06,G5-06,溶岩でできた巨大ゴーレム,巨大な鐘を持つ陽気な山の守護者,0.51985,0.8336,0.83447,0.83284,0.00794
U6-04,G5-29,炎のたてがみを持つイノシシ,赤黒の宇宙操り人形皇帝,0.51974,0.83829,0.849,0.82847,0.0
U4-04,G5-13,宝珠を抱く巨大な古代樹,生きた玉座に座る暴君,0.5197,0.83823,0.87254,0.80661,0.0
U4-12,G5-24,白翼の聖騎士,巨大な無限方位盤の神,0.5197,0.83823,0.85631,0.8216,0.0
U3-05,U6-15,どんぐりを背負ったクモ,甲羅装甲の緑カメ,0.51969,0.83821,0.84925,0.8281,0.0
U4-04,U4-13,宝珠を抱く巨大な古代樹,火山を背負った溶岩ガメ,0.51968,0.8382,0.89368,0.78704,0.0
U6-25,G2-19,顔のある巨大樹,クルミ殻の精,0.51966,0.83817,0.86454,0.81387,0.0
G4-17,G5-20,ルーレット魔王,星を鍛える巨大炉,0.51966,0.83816,0.81364,0.86082,0.0
U5-09,G4-30,舌を出す宝箱ミミック,異次元門の守護者,0.51965,0.83815,0.89418,0.7865,0.0
U1-28,U6-14,氷結晶をまとった白フクロウ,舌を出す白い幽霊,0.51964,0.83813,0.8638,0.81445,0.0
U6-05,G1-09,大口の巨大食虫植物,懐中時計の子,0.51962,0.8381,0.8439,0.83279,0.0
G5-22,G5-25,多色の門を操る次元王,宙に浮く虚無宮殿,0.51962,0.8381,0.84878,0.82828,0.0
U2-27,U4-18,氷をまとった白フクロウ,水と蓮に包まれた女王,0.51957,0.83802,0.87204,0.80663,0.0
U4-01,U5-13,王冠とローブをまとったスライム王,氷の毛と牙を持つイノシシ,0.51957,0.83801,0.88005,0.79927,0.0
G4-09,G4-26,隕石炉の巨人,多数の王冠をまとう王,0.51956,0.838,0.85186,0.82528,0.0
U5-11,G2-13,星月をまとった白ウサギ,塩入れの生物,0.5195,0.83791,0.82263,0.85205,0.0
G4-15,G5-18,ステンドグラスの天使,天空と大地をまとった地平の女王,0.51943,0.83778,0.8661,0.81163,0.0
G3-04,G4-03,洋服ダンスミミック,日食仮面の支配者,0.51938,0.83772,0.91863,0.76311,0.0
G4-04,G4-08,嵐をまとう幽霊船,巨大ピアノと触手の魔物,0.51937,0.8377,0.8521,0.82445,0.0
U2-12,G5-06,花を咲かせた小型サボテン,巨大な鐘を持つ陽気な山の守護者,0.51937,0.83769,0.88036,0.79838,0.0
U4-29,G5-27,紫髪の呪い人形姫,舞台ごと現れた夢劇場の王,0.51933,0.83762,0.8855,0.79346,0.0
U2-22,U4-22,星形の黄色い精,巨大な炎のフェニックス,0.51932,0.83761,0.82567,0.84869,0.0
U2-12,U5-30,花を咲かせた小型サボテン,王冠とローブの黄金スライム王,0.51927,0.83753,0.87657,0.80155,0.0
U1-19,U5-24,泥をまとったカエル,火山を背負った溶岩ガメ,0.51926,0.83268,0.9111,0.76033,0.0079
G4-29,G5-13,火山炉の城塞巨人,生きた玉座に座る暴君,0.51926,0.83752,0.86237,0.81463,0.0
G4-17,G4-24,ルーレット魔王,大地を揺らす太鼓巨人,0.51925,0.83751,0.79561,0.87624,0.0
U1-19,G2-18,泥をまとったカエル,チーズ片の生物,0.51925,0.8375,0.84928,0.82664,0.0
G1-14,G2-22,方位磁針の生物,松ぼっくりの精,0.51921,0.83744,0.91024,0.77031,0.0
U1-13,U4-04,サボテンを背負った小型恐竜,宝珠を抱く巨大な古代樹,0.5192,0.83742,0.86455,0.81247,0.0
G3-09,G5-08,旅行かばんミミック,紅い外套と剣の覇王,0.51917,0.83738,0.86918,0.80811,0.0
U3-27,G2-19,苔むした小型岩ゴーレム,クルミ殻の精,0.51916,0.83735,0.89536,0.78387,0.0
U5-24,U6-04,火山を背負った溶岩ガメ,炎のたてがみを持つイノシシ,0.5191,0.83023,0.82232,0.83756,0.01147
U6-29,G5-19,王冠と杖を持つ黒いリッチ王,渦巻く黒穴の主,0.51909,0.83725,0.86475,0.81195,0.0
G5-06,G5-26,巨大な鐘を持つ陽気な山の守護者,太陽と月をまとう双極の神,0.51903,0.83715,0.91376,0.76645,0.0
G1-07,G2-17,糸巻きの精,マント付きパンケーキ,0.51903,0.83714,0.84159,0.83312,0.0
G5-14,G5-18,星の小精霊を連れた賢者,天空と大地をまとった地平の女王,0.51899,0.83708,0.8829,0.79479,0.0
U4-12,U4-14,白翼の聖騎士,青い鬼火をまとう九尾の白狐,0.51898,0.83706,0.87344,0.80351,0.0
U5-15,G4-26,太鼓を持つキノコ旅人,多数の王冠をまとう王,0.51897,0.83705,0.8681,0.80843,0.0
G4-15,G4-30,ステンドグラスの天使,異次元門の守護者,0.51891,0.83695,0.86924,0.80721,0.0
G4-26,G5-15,多数の王冠をまとう王,天球儀を操る観測神,0.51889,0.83693,0.85401,0.8212,0.0
U4-15,G2-29,結晶装甲の岩ゴーレム,虹色ビー玉の生物,0.51887,0.83688,0.89902,0.77956,0.0
U4-27,U5-02,歯車を内蔵した森のゴーレム,花と苔をまとった巻角のヒツジ,0.51884,0.83684,0.84201,0.83212,0.0
G4-30,G5-15,異次元門の守護者,天球儀を操る観測神,0.51883,0.83682,0.87673,0.80006,0.0
U1-22,U4-24,葉を生やしたカボチャの精,巨大化した食虫植物,0.51878,0.83017,0.87883,0.78533,0.01073
U2-10,G1-09,太陽のような炎の精,懐中時計の子,0.51875,0.83669,0.85551,0.81931,0.0
U2-14,U3-19,旅装をしたキノコ,巻角を持つ白い子ヒツジ,0.51866,0.83655,0.88992,0.78729,0.0
U2-05,U6-17,花そのものの小さな精,赤傘のキノコ,0.51866,0.83654,0.88639,0.79059,0.0
U6-26,G1-24,棍棒を持つ青い一つ目オーガ,弁当箱ミミック,0.51861,0.83647,0.90135,0.77663,0.0
U2-24,U4-08,紫の小さなクモ,鎌を持つ騎乗死神,0.51857,0.83641,0.83595,0.8369,0.0
G4-10,G4-14,鏡の迷宮騎士,日時計の巨像,0.51848,0.83626,0.86211,0.81247,0.0
G4-10,G4-25,鏡の迷宮騎士,星空球を抱く巨像,0.51845,0.83621,0.86386,0.81077,0.0
G4-15,G5-24,ステンドグラスの天使,巨大な無限方位盤の神,0.51837,0.83608,0.87445,0.80063,0.0
U2-03,U6-15,苔むした丸岩ゴーレム,甲羅装甲の緑カメ,0.51828,0.83593,0.87099,0.80366,0.0
G2-17,G3-09,マント付きパンケーキ,旅行かばんミミック,0.51827,0.83592,0.86979,0.8047,0.0
U1-12,U4-04,苔と岩の装甲を持つイモムシ,宝珠を抱く巨大な古代樹,0.51824,0.83588,0.84756,0.82517,0.0
U1-01,U4-18,葉を生やした青い水スライム,水と蓮に包まれた女王,0.51824,0.83587,0.83812,0.83387,0.0
U4-06,G3-05,溶岩でできた巨大ゴーレム,時計仕掛けのカニ,0.51824,0.83587,0.84853,0.82427,0.0
U4-29,G5-25,紫髪の呪い人形姫,宙に浮く虚無宮殿,0.51818,0.83577,0.85644,0.81669,0.0
U2-21,U6-15,岩の体と赤いハサミを持つヤドカリ,甲羅装甲の緑カメ,0.51815,0.8311,0.90342,0.76443,0.00756
G4-23,G5-27,月望遠鏡の魔導士,舞台ごと現れた夢劇場の王,0.51814,0.83571,0.86291,0.81066,0.0
U4-09,G5-26,杖を持つ森の妖精女王,太陽と月をまとう双極の神,0.51813,0.83569,0.90564,0.77117,0.0
G4-10,G4-29,鏡の迷宮騎士,火山炉の城塞巨人,0.51813,0.83569,0.89841,0.77786,0.0
U4-25,G5-10,雷をまとった青いオオカミ,白毛の巨大獣王,0.51812,0.83568,0.88593,0.78935,0.0
G4-23,G5-20,月望遠鏡の魔導士,星を鍛える巨大炉,0.51807,0.8356,0.84084,0.83084,0.0
U3-19,U4-14,巻角を持つ白い子ヒツジ,青い鬼火をまとう九尾の白狐,0.51799,0.83547,0.8794,0.79493,0.0
G4-26,G5-20,多数の王冠をまとう王,星を鍛える巨大炉,0.51792,0.83535,0.84995,0.82192,0.0
U5-04,G2-19,トゲのある巨大サボテン獣,クルミ殻の精,0.51786,0.83526,0.89082,0.78402,0.0
U4-14,G1-15,青い鬼火をまとう九尾の白狐,サイコロの子,0.51786,0.83525,0.90155,0.77403,0.0
G4-22,G4-27,遊園地を背負う巨像,宇宙方位磁針の巨人,0.51774,0.83507,0.8219,0.84726,0.0
U2-21,U5-04,岩の体と赤いハサミを持つヤドカリ,トゲのある巨大サボテン獣,0.51767,0.83137,0.89251,0.77501,0.00584
U2-15,U3-09,葉と角を持つ緑の子ドラゴン,花を付けた葉のウサギ,0.51767,0.83495,0.85683,0.81485,0.0
U4-02,G5-21,金青の装飾を持つ聖獣グリフォン,虹を織る現実の織姫,0.51767,0.83494,0.85512,0.81636,0.0
U1-20,U4-30,星をまとった黄色いスライム,雲に乗る金色の天竜,0.51756,0.83478,0.86655,0.80548,0.0
U6-26,G1-26,棍棒を持つ青い一つ目オーガ,模様タイルの生物,0.51756,0.83477,0.90655,0.76848,0.0
U1-22,U4-04,葉を生やしたカボチャの精,宝珠を抱く巨大な古代樹,0.51754,0.83474,0.86808,0.80404,0.0
G2-29,G5-10,虹色ビー玉の生物,白毛の巨大獣王,0.51754,0.83474,0.91656,0.75922,0.0
U2-23,U3-15,青白いグリフォン,巻貝を背負った小さなヤドカリ,0.51753,0.83473,0.85035,0.82035,0.0
U4-14,G1-26,青い鬼火をまとう九尾の白狐,模様タイルの生物,0.51753,0.83473,0.89287,0.78105,0.0
G4-21,G4-30,歯車の大蛇,異次元門の守護者,0.51752,0.8347,0.86797,0.80405,0.0
U6-30,G5-06,王冠と口ひげの黄金スライム王,巨大な鐘を持つ陽気な山の守護者,0.51746,0.83461,0.84668,0.82351,0.0
G4-30,G5-21,異次元門の守護者,虹を織る現実の織姫,0.51743,0.83456,0.91988,0.75581,0.0
U1-23,G5-23,石像になった小型ガーゴイル,巻物柱を持つ天上の記録者,0.51737,0.83447,0.84103,0.82847,0.0
G3-18,G4-09,自動販売機ミミック,隕石炉の巨人,0.51737,0.83446,0.84779,0.82224,0.0
U6-25,G3-04,顔のある巨大樹,洋服ダンスミミック,0.51733,0.83441,0.84081,0.82857,0.0
G5-20,G5-25,星を鍛える巨大炉,宙に浮く虚無宮殿,0.51733,0.8344,0.87111,0.80055,0.0
U4-15,U4-25,結晶装甲の岩ゴーレム,雷をまとった青いオオカミ,0.51731,0.83437,0.87409,0.79775,0.0
U5-04,U6-23,トゲのある巨大サボテン獣,緑の毒スライム,0.51731,0.83437,0.86408,0.80704,0.0
U3-22,G5-21,大耳の砂色ネズミ,虹を織る現実の織姫,0.51728,0.83433,0.87044,0.80098,0.0
G4-23,G4-25,月望遠鏡の魔導士,星空球を抱く巨像,0.51722,0.83422,0.82181,0.84576,0.0
G4-10,G4-26,鏡の迷宮騎士,多数の王冠をまとう王,0.51721,0.83422,0.8818,0.79038,0.0
G4-07,G5-23,磁器の女王,巻物柱を持つ天上の記録者,0.51715,0.83411,0.8148,0.852,0.0
U4-07,U6-01,泡をまとった青赤の海竜,笑顔の青いスライム,0.5171,0.83404,0.84055,0.82806,0.0
U1-18,U1-28,提灯を持つ白い幽霊,氷結晶をまとった白フクロウ,0.5171,0.83403,0.86826,0.80243,0.0
U1-10,G5-01,バラの殻を持つカタツムリ,笑顔で手を差し伸べる白ひげ王,0.51707,0.83398,0.86899,0.8017,0.0
U3-28,U4-04,葉のふたを持つ緑の壺スライム,宝珠を抱く巨大な古代樹,0.51705,0.83395,0.89845,0.77444,0.0
G4-10,G5-16,鏡の迷宮騎士,世界時計の機械神,0.51701,0.83388,0.83702,0.83107,0.0
G1-15,G1-19,サイコロの子,消しゴムの生物,0.51698,0.83384,0.86087,0.80888,0.0
G1-01,G2-17,ボタン甲虫,マント付きパンケーキ,0.51697,0.83382,0.87957,0.79168,0.0
G3-22,G4-11,炎のオーブン獣,摩天楼の巨人,0.51694,0.83377,0.88587,0.78567,0.0
G4-06,G5-29,黒曜石の音楽箱獣,赤黒の宇宙操り人形皇帝,0.51692,0.83374,0.81648,0.8497,0.0
U2-02,G1-09,炎の尾を持つ小さなキツネ,懐中時計の子,0.51686,0.83365,0.85254,0.81625,0.0
G1-24,G2-29,弁当箱ミミック,虹色ビー玉の生物,0.51685,0.83363,0.87585,0.79475,0.0
U1-05,G2-07,雲の体を持つクラゲ,雪の結晶の子,0.51679,0.83353,0.84197,0.82577,0.0
G4-30,G5-07,異次元門の守護者,黒紫の深淵魔王,0.51677,0.83349,0.89332,0.7783,0.0
U4-27,G3-22,歯車を内蔵した森のゴーレム,炎のオーブン獣,0.51676,0.83348,0.87319,0.79688,0.0
U4-13,G5-13,火山を背負った溶岩ガメ,生きた玉座に座る暴君,0.51672,0.83342,0.84103,0.82646,0.0
U5-30,G5-06,王冠とローブの黄金スライム王,巨大な鐘を持つ陽気な山の守護者,0.51671,0.83341,0.83359,0.83327,0.0
G4-15,G5-07,ステンドグラスの天使,黒紫の深淵魔王,0.51671,0.83341,0.90179,0.77026,0.0
G3-04,G4-26,洋服ダンスミミック,多数の王冠をまとう王,0.5167,0.83338,0.82681,0.8395,0.0
U2-09,U2-15,葉を背負った小さなカメ,葉と角を持つ緑の子ドラゴン,0.51669,0.83337,0.85837,0.8104,0.0
U6-17,G1-15,赤傘のキノコ,サイコロの子,0.51663,0.83327,0.91057,0.7619,0.0
U1-04,G2-22,どんぐりを抱えた赤い小悪魔,松ぼっくりの精,0.51662,0.83326,0.87167,0.79789,0.0
U3-21,U4-18,青い結晶を背負った水の生物,水と蓮に包まれた女王,0.51661,0.83324,0.81105,0.85381,0.0
G4-25,G5-27,星空球を抱く巨像,舞台ごと現れた夢劇場の王,0.5166,0.83322,0.89772,0.77371,0.0
G3-21,G5-01,ケーキ騎士,笑顔で手を差し伸べる白ひげ王,0.51658,0.8332,0.82887,0.83727,0.0
G5-01,G5-24,笑顔で手を差し伸べる白ひげ王,巨大な無限方位盤の神,0.51658,0.8332,0.88615,0.78433,0.0
U4-18,U4-21,水と蓮に包まれた女王,金装甲をまとった青い海竜,0.51655,0.83314,0.88917,0.78144,0.0
U5-09,U5-18,舌を出す宝箱ミミック,紫結晶を背負ったモグラ,0.51651,0.83308,0.88773,0.7827,0.0
G1-14,G2-04,方位磁針の生物,太陽光の綿毛,0.51651,0.83308,0.84375,0.82322,0.0
U4-14,G5-01,青い鬼火をまとう九尾の白狐,笑顔で手を差し伸べる白ひげ王,0.5164,0.8329,0.88594,0.78396,0.0
U6-22,G3-09,黒赤装甲の巨大カニ,旅行かばんミミック,0.5164,0.8329,0.85525,0.81238,0.0
G1-06,G1-23,ぜんまい人形,ほうきの精,0.51639,0.83288,0.79047,0.8721,0.0
G4-22,G5-07,遊園地を背負う巨像,黒紫の深淵魔王,0.51638,0.83288,0.86309,0.805,0.0
G4-29,G5-27,火山炉の城塞巨人,舞台ごと現れた夢劇場の王,0.51636,0.83284,0.88803,0.78195,0.0
U1-09,G4-26,鉱石を掘るモグラ,多数の王冠をまとう王,0.51632,0.83278,0.84374,0.82274,0.0
U1-23,G4-30,石像になった小型ガーゴイル,異次元門の守護者,0.5163,0.83274,0.87677,0.79215,0.0
G2-18,G5-06,チーズ片の生物,巨大な鐘を持つ陽気な山の守護者,0.5163,0.83274,0.84392,0.82243,0.0
U1-21,U3-22,貝殻を背負った泡の生物,大耳の砂色ネズミ,0.51629,0.83272,0.81107,0.85278,0.0
G4-23,G4-27,月望遠鏡の魔導士,宇宙方位磁針の巨人,0.51626,0.83268,0.82284,0.84184,0.0
G2-07,G2-23,雪の結晶の子,虹色のシャボン玉,0.51623,0.83263,0.82923,0.83583,0.0
U4-21,G5-24,金装甲をまとった青い海竜,巨大な無限方位盤の神,0.51619,0.83256,0.91585,0.75564,0.0
U2-11,G5-07,魔女帽子をかぶった黒いカラス,黒紫の深淵魔王,0.51617,0.83253,0.87498,0.7934,0.0
G1-12,G1-23,長靴の生物,ほうきの精,0.51616,0.83252,0.8129,0.8507,0.0
U6-05,G3-04,大口の巨大食虫植物,洋服ダンスミミック,0.51615,0.8325,0.85729,0.80967,0.0
U6-26,G4-10,棍棒を持つ青い一つ目オーガ,鏡の迷宮騎士,0.51613,0.83247,0.89748,0.7725,0.0
U4-03,U4-17,黒紫の大型ドラゴン,紫炎と角を持つ魔獣,0.51611,0.83244,0.86412,0.80329,0.0
U1-09,G4-01,鉱石を掘るモグラ,大聖堂の鐘を宿す巨像,0.51608,0.83239,0.82846,0.8361,0.0
U4-30,G5-01,雲に乗る金色の天竜,笑顔で手を差し伸べる白ひげ王,0.51606,0.83236,0.87436,0.7936,0.0
G4-10,G4-19,鏡の迷宮騎士,巨大鐘のガーゴイル,0.51605,0.83233,0.84937,0.81668,0.0
G3-04,G5-06,洋服ダンスミミック,巨大な鐘を持つ陽気な山の守護者,0.51603,0.83231,0.87769,0.79044,0.0
U4-04,U4-10,宝珠を抱く巨大な古代樹,金色の大型ドラゴン,0.51601,0.83227,0.88073,0.78754,0.0
G5-10,G5-11,白毛の巨大獣王,多数の鏡を操る聖女,0.51599,0.83224,0.87457,0.79316,0.0
U2-03,G2-19,苔むした丸岩ゴーレム,クルミ殻の精,0.51598,0.83223,0.89224,0.77692,0.0
U4-09,U4-24,杖を持つ森の妖精女王,巨大化した食虫植物,0.51597,0.83222,0.89653,0.77287,0.0
G4-15,G5-15,ステンドグラスの天使,天球儀を操る観測神,0.51596,0.8322,0.83109,0.83328,0.0
U4-09,U4-16,杖を持つ森の妖精女王,金青の大型昆虫戦士,0.51593,0.83215,0.88176,0.78641,0.0
U2-18,U3-01,青結晶の殻を持つカタツムリ,泡を出す青いスライム,0.51588,0.83206,0.83315,0.83113,0.0
U3-24,U6-01,氷をまとった青白いヒツジ,笑顔の青いスライム,0.51588,0.83206,0.8394,0.82536,0.0
G4-07,G5-21,磁器の女王,虹を織る現実の織姫,0.51587,0.83205,0.84222,0.82268,0.0
U2-07,U2-23,青い羽のハチ妖精,青白いグリフォン,0.51585,0.83201,0.88048,0.78735,0.0
U4-15,G1-26,結晶装甲の岩ゴーレム,模様タイルの生物,0.51585,0.83201,0.91248,0.75768,0.0
U4-04,U5-02,宝珠を抱く巨大な古代樹,花と苔をまとった巻角のヒツジ,0.51584,0.832,0.8594,0.80675,0.0
U1-12,U2-12,苔と岩の装甲を持つイモムシ,花を咲かせた小型サボテン,0.51582,0.83197,0.86669,0.80004,0.0
U5-15,G5-21,太鼓を持つキノコ旅人,虹を織る現実の織姫,0.51582,0.83196,0.87001,0.79689,0.0
G4-10,G5-20,鏡の迷宮騎士,星を鍛える巨大炉,0.5158,0.83193,0.86784,0.79889,0.0
U2-03,U6-25,苔むした丸岩ゴーレム,顔のある巨大樹,0.51579,0.83192,0.85256,0.81294,0.0
G5-26,G5-27,太陽と月をまとう双極の神,舞台ごと現れた夢劇場の王,0.51579,0.83191,0.92351,0.74736,0.0
U2-09,U6-30,葉を背負った小さなカメ,王冠と口ひげの黄金スライム王,0.51577,0.83188,0.88632,0.78169,0.0
U1-27,U6-30,鍵を持つ緑のゴブリン,王冠と口ひげの黄金スライム王,0.51572,0.83181,0.85496,0.81051,0.0
U3-29,U6-30,赤い子ドラゴン,王冠と口ひげの黄金スライム王,0.5157,0.83178,0.85871,0.807,0.0
G5-21,G5-26,虹を織る現実の織姫,太陽と月をまとう双極の神,0.5157,0.83178,0.88818,0.77975,0.0
U1-05,U5-25,雲の体を持つクラゲ,雲に乗る白いトゲ玉,0.51566,0.83171,0.80103,0.86008,0.0
U6-04,G4-06,炎のたてがみを持つイノシシ,黒曜石の音楽箱獣,0.5156,0.83162,0.82924,0.83387,0.0
U2-12,U6-05,花を咲かせた小型サボテン,大口の巨大食虫植物,0.51559,0.83159,0.87538,0.79127,0.0
U4-30,G5-24,雲に乗る金色の天竜,巨大な無限方位盤の神,0.51555,0.83153,0.92155,0.74834,0.0
U4-24,U6-30,巨大化した食虫植物,王冠と口ひげの黄金スライム王,0.51554,0.83152,0.88193,0.78505,0.0
U1-04,U4-13,どんぐりを抱えた赤い小悪魔,火山を背負った溶岩ガメ,0.51552,0.83149,0.84506,0.81904,0.0
U6-15,G1-09,甲羅装甲の緑カメ,懐中時計の子,0.51543,0.83133,0.84598,0.81788,0.0
U6-17,G2-04,赤傘のキノコ,太陽光の綿毛,0.51542,0.83132,0.84974,0.81435,0.0
U6-12,U6-28,青いオオカミ,三つ首の紫ヒドラ,0.51541,0.83131,0.85652,0.80809,0.0
U4-12,G5-21,白翼の聖騎士,虹を織る現実の織姫,0.51541,0.8313,0.83982,0.82349,0.0
U6-09,G3-18,苔むした岩ゴーレム,自動販売機ミミック,0.51541,0.8313,0.87992,0.78644,0.0
G2-22,G3-19,松ぼっくりの精,古いカメラのクモ,0.51539,0.83127,0.85439,0.81003,0.0
U6-26,G4-28,棍棒を持つ青い一つ目オーガ,虹結晶の大聖堂,0.51538,0.83126,0.8895,0.7775,0.0
G3-18,G5-16,自動販売機ミミック,世界時計の機械神,0.51536,0.83122,0.84976,0.81414,0.0
U1-04,G5-13,どんぐりを抱えた赤い小悪魔,生きた玉座に座る暴君,0.51535,0.83121,0.84736,0.81638,0.0
G4-10,G5-25,鏡の迷宮騎士,宙に浮く虚無宮殿,0.51534,0.8312,0.86388,0.80106,0.0
U5-13,U6-10,氷の毛と牙を持つイノシシ,青いクラゲ,0.51533,0.83118,0.83897,0.824,0.0
G4-24,G5-27,大地を揺らす太鼓巨人,舞台ごと現れた夢劇場の王,0.51532,0.83117,0.82511,0.8368,0.0
G4-05,G5-07,雷をまとう巨大列車,黒紫の深淵魔王,0.51531,0.83115,0.86274,0.80203,0.0
U1-22,G1-12,葉を生やしたカボチャの精,長靴の生物,0.51531,0.83114,0.85318,0.81087,0.0
U4-10,U5-04,金色の大型ドラゴン,トゲのある巨大サボテン獣,0.51529,0.83112,0.86741,0.79765,0.0
G4-06,G4-17,黒曜石の音楽箱獣,ルーレット魔王,0.51526,0.83106,0.7801,0.87815,0.0
G4-24,G5-20,大地を揺らす太鼓巨人,星を鍛える巨大炉,0.51518,0.83094,0.83088,0.83107,0.0
U4-02,G5-11,金青の装飾を持つ聖獣グリフォン,多数の鏡を操る聖女,0.51511,0.83083,0.82662,0.83477,0.0
G4-10,G5-21,鏡の迷宮騎士,虹を織る現実の織姫,0.51504,0.83071,0.88809,0.77776,0.0
G4-24,G5-29,大地を揺らす太鼓巨人,赤黒の宇宙操り人形皇帝,0.51504,0.83071,0.82844,0.83287,0.0
U1-09,U5-08,鉱石を掘るモグラ,盾と槍を持つカカシ騎士,0.51503,0.83069,0.83016,0.83125,0.0
U4-08,G4-12,鎌を持つ騎乗死神,黒穴を操る魔導士,0.51503,0.83069,0.85322,0.80999,0.0
G5-01,G5-23,笑顔で手を差し伸べる白ひげ王,巻物柱を持つ天上の記録者,0.51502,0.83067,0.86675,0.79738,0.0
G1-07,G3-04,糸巻きの精,洋服ダンスミミック,0.515,0.83064,0.83593,0.82579,0.0
U4-14,G2-13,青い鬼火をまとう九尾の白狐,塩入れの生物,0.51497,0.8306,0.83137,0.82996,0.0
U1-27,U5-14,鍵を持つ緑のゴブリン,一つ目の巨大樹人,0.51496,0.83057,0.81988,0.84052,0.0
U4-14,G5-10,青い鬼火をまとう九尾の白狐,白毛の巨大獣王,0.51496,0.83057,0.88268,0.78246,0.0
G3-28,G4-12,鏡の霊体,黒穴を操る魔導士,0.51495,0.83057,0.9062,0.76082,0.0
G5-06,G5-08,巨大な鐘を持つ陽気な山の守護者,紅い外套と剣の覇王,0.51494,0.83055,0.90112,0.7654,0.0
U1-22,U2-28,葉を生やしたカボチャの精,大口の食虫植物,0.51493,0.83054,0.88999,0.77576,0.0
U6-04,G4-26,炎のたてがみを持つイノシシ,多数の王冠をまとう王,0.51491,0.83051,0.83091,0.8302,0.0
U5-14,U6-15,一つ目の巨大樹人,甲羅装甲の緑カメ,0.51491,0.8305,0.835,0.82644,0.0
G1-15,G2-20,サイコロの子,巻貝の精,0.51491,0.8305,0.85568,0.80725,0.0
G1-26,G3-17,模様タイルの生物,城入りスノードームゴーレム,0.51488,0.83045,0.90956,0.7574,0.0
U2-21,G2-19,岩の体と赤いハサミを持つヤドカリ,クルミ殻の精,0.51488,0.83044,0.8643,0.79927,0.0
U6-09,G5-05,苔むした岩ゴーレム,冷静な蒼い嵐の皇帝,0.51487,0.83043,0.85239,0.8102,0.0
U5-09,G5-01,舌を出す宝箱ミミック,笑顔で手を差し伸べる白ひげ王,0.51479,0.8303,0.91883,0.7486,0.0
U6-15,U6-23,甲羅装甲の緑カメ,緑の毒スライム,0.51479,0.8303,0.86863,0.79499,0.0
U6-29,G4-08,王冠と杖を持つ黒いリッチ王,巨大ピアノと触手の魔物,0.51479,0.8303,0.84237,0.81925,0.0
G3-22,G4-01,炎のオーブン獣,大聖堂の鐘を宿す巨像,0.51472,0.8302,0.86791,0.79541,0.0
U1-27,U4-24,鍵を持つ緑のゴブリン,巨大化した食虫植物,0.51465,0.83008,0.86328,0.79954,0.0
U5-02,U5-04,花と苔をまとった巻角のヒツジ,トゲのある巨大サボテン獣,0.51464,0.83006,0.88718,0.77737,0.0
G5-17,G5-30,紫光を放つ星雲大聖堂,六つの光輪を持つ世界封印の守護者,0.51464,0.83006,0.90784,0.75826,0.0
U6-02,G5-06,緑の翼竜,巨大な鐘を持つ陽気な山の守護者,0.51462,0.83003,0.85988,0.80252,0.0
